,name,price,description,link
0,Apple iMac 27 retina 5k 2017 в Москве,53000,"Шикарный аппарат, усилена оперативная память до 24 вместо 8, полностью рабочий, все порты, кнопка, шикарный звук, а экран просто бомба, все таки разрешение 5к, стоят две системы, родной жёсткий диск на 1 таб, «разбит» по 500, под macos и windows (активирован, настроен полностью). Комплект как с магазина, все родное, коробка родная и транспортировочная тоже есть, родная клавиатура не работает, отдам вместо нее проводную, мышь родная полностью рабочая.
Есть нюанс трещина в углу, не падал, ребёнок швырнул игрушку кубик, работе и изображению не мешает.
Компьютер с потенциалом, мне хватало и этих данных, но можно усилить ещё оперативкой и вместо жёсткого поставить ссд диск, также при желании вместо i5 поставить i7, продаю так как покупаю MacBook, мобильность сейчас нужнее, так бы пользовался и дальше. Цена как за iMac 21, учитывая коцку на экране, но потенциал больше чем у младшей версии, да и мощнее намного, все же Торг обоснованный имеется, но только (Исключительно Только) При Встрече! Обмены никакие Не Интересуют вообще.
Если не ответил на звонок, на работе могу быть занят, пишите с номером обязательно перезвоню.
Доставки Нет, Только личная встреча.",https://www.avito.ru/moskva/nastolnye_kompyutery/apple_imac_27_retina_5k_2017_3213107062
1,Apple iMac Pro 27’ 2017 в Москве,180000,"Iмaс Рro 2017 27.
В идeальнoм coстoянии.
Был приoбpeтeн в 2018 гoду.
Использовался очень редко, в домашних условиях.
В комплекте беспроводные клавиатура и Trackpad.

Характеристики:
Дисплей Retina 5K с диагональю 27 дюймов.
Процессор: 3,2 ghz 8-Core Intel Xeon W. Ускорение Turbo Boost до 4,2 ггц.
Оперативная память: 32 GB 2666 mhz Ddr4.
Видеокарта (графика): Radeon Pro Vega 56 8 GB.
Хранилище: Ssd-накопитель ёмкостью 1 ТБ.
Высота: 51,6 см.
Ширина: 65,0 см.
Глубина подставки: 20,3 см.
Вес: 9,7 кг.",https://www.avito.ru/moskva/nastolnye_kompyutery/apple_imac_pro_27_2017_3713602346
2,iMac 27 retina 5k 2017 в Москве,70000,"Комп в хорошем состоянии.
3 ghz 6-ядерный процессор Intel Core i5.
8 Гб 2400 mhz Ddr4.
Графика Radeon Pro 575 4 Гб.
Macintosh HD 1 ТБ.
Мышь, клавиатура (пару клавиш выпало).",https://www.avito.ru/moskva/nastolnye_kompyutery/imac_27_retina_5k_2017_3806468517
3,Apple iMac 27 retina 5k в Москве,85000,"Куплен новым в 2017 году, в идеальном состоянии, практически не пользовались.",https://www.avito.ru/moskva/nastolnye_kompyutery/apple_imac_27_retina_5k_3715238066
4,iMac 27 5K 2017 i5 / 32gb в Москве,84000,"Apple iMac 2017 года, полный комплект (коробка, провода, клавиатура, мышь).

Характеристики:
Core i5 3400 мгц.
32 гб оперативной памяти ddr4.
1Тб диск.
Radeon Pro 570 4 gb.

Есть еле заметные следы пыли в углу, практически не видно. Фото на белом приложил.",https://www.avito.ru/moskva/nastolnye_kompyutery/imac_27_5k_2017_i5_32gb_3773629169
5,Apple iMac 27 2017 в Москве,68000,"Продаю свой личный компьютер, один хозяин как говорится)) покупал новым в 2017 году, по внешнему виду нареканий нет, пару мелких царапин от силы) внутри так же отличное состояние, проводилась полная чистка от пыли и менялись все расходники, жесткий диск hdd заменил на ssd 1 тб! Клавиатура чуть затасканная уже, но исправна. Мышь в хорошем состоянии, без дефектов. Продаю по очень хорошей цене поэтому торг будет символический.",https://www.avito.ru/moskva/nastolnye_kompyutery/apple_imac_27_2017_3709881581
6,Моноблок apple iMac 27 2017 в Москве,88000,Состояние очень хорошее (бдизко к идеальному) с клавиатурой и мышкой в комплекте.,https://www.avito.ru/moskva/nastolnye_kompyutery/monoblok_apple_imac_27_2017_3359611943
7,iMac 27 5K 2017 i7/RP 580 8gb/32gb/2.12Tb Ростест в Москве,110000,"Apple iMac 27’ 5K Retina 2017.

Процессор 4.2 ghz 4-ядерный Intel Core i7.

Оперативная память 32ГБ 2400 mhz Ddr4.

Хранилище 2.12Tb Fusion Drive.

Графика Radeon Pro 580 8ГБ.

Ростест.

*Возможна оплата на р/с.

Компьютер в идеальном внешнем и техническом состоянии.

Все функции работают исправно, никаких нареканий по работе нет, тесты прошел должным образом.

Комплект: провод питания, аймак, клавиатура и мышь второго поколения, родная коробка.

Стекло и матрица в идеальном состоянии — без сколов, трещин, царапин и пыли.

Гарантия на проверку устройства от себя лично.

По запросу установлю программы и утилиты для проверки устройства перед вашим приездом.

Готов на любые проверки, время на проверку неограниченно.

Без торга.

Возможна курьерская доставка по Москве и области с оплатой после проверки!

Так же рассмотрю обмен на технику Apple в обе стороны!",https://www.avito.ru/moskva/nastolnye_kompyutery/imac_27_5k_2017_i7rp_580_8gb32gb2.12tb_rostest_3758667401
8,"Apple iMac 27"" Retina 5K 2017 32 RAM 1 TB SSD в Москве",95000,"Моноблок iMac 27″ 5K 2017 до.
Дисплей 5К Retina (5120×2880 точек).
Процессор Intel® Core™i5 7-го поколения, 3.4 ггц (Kaby Lake).
Оперативная память 32 гб (Kingston Kcp424ss8/8 — 2шт, Crucial by micron Ct8g4sfs8213. M8fh — 2шт).
Видеокарта Amd Radeon Pro 570 с 4 Гб видеопамяти.
1Tb Ssd.

Клавиатура Apple Magic Keyboard с кейпадом. Есть царапка на задней панели (на фото видно).

Мышь Magic Mouse 2 (следы усердной работы тоже прикрепляю).

В основном работала в фигме, иллюстраторе, фотошопе. В целом это были все приложения Creative Cloud. Проблем не возникало. Все работает отлично. Из косяков моноблока — снизу две потертости на подставке (фото прикрепила).

Продается только комплектом. Торг реальному покупателю на месте!",https://www.avito.ru/moskva/nastolnye_kompyutery/apple_imac_27_retina_5k_2017_32_ram_1_tb_ssd_3431220474
9,Apple iMac Retina 5k 2017 32gb 3tb в Москве,105000,"Imaс Retina 5k, 27-inсh, 2017г.
Процеcсoр 4,2 ghz!
Intel Сore i7-7700К.
Жёсткий диcк 3TБ.
Oпepaтивная память 32GВ.
Bидeo карта Radеon 575 pro 4gb.

В oтличнoм cоcтoянии. В активной эксплуатации был нe большe пoлугода.
В комплекте оригинальная клавиатура Аррlе и мышка, + адаптер.",https://www.avito.ru/moskva/nastolnye_kompyutery/apple_imac_retina_5k_2017_32gb_3tb_3591266804
10,"iMac 27 2020 (16gb, SSD) в Москве",119900,"Продаю свой моноблок Apple іМас 27, модель.
Конца 2020 года с 4k Retina экраном.
Есть все документы и чек о покупке?
Мощная версия с 6-ти ядерным процессором.
Core i5, 16gb оперативная память, видеокарта Amd Radeon Pro 5300 4gb и 256gb Ssd.
Куплен в начале 2021 года в Плеер. Ру, Ростест.
Состояние нового, почти не пользовались.
Актуальная модель, поддерживает последнюю macos Sanoma, в отличии от аймаков 2017 года!
Будет обновляться еще 3 года точно.
Последняя модель Аймаков с 27 экраном.
Полностью рабочий, любые проверки приветствуются.
Засветов и пыли под экраном вообще нет, что редкость для данной модели.
Полный комплект с коробкой, оригинальные мышка, клавиатура и кабель питания, а также все бумажки и инструкции, даже наклейки яблочек есть:).
Также могу привезти к вам на машине по договоренности.
Возможна отправка Сдэк в регионы.
Звоните или пишите, договоримся:).",https://www.avito.ru/moskva/nastolnye_kompyutery/imac_27_2020_16gb_ssd_3713578241
11,Apple iMac 27 i7 Retina 5k 2017 16/512gb в Москве,95000,"В продаже отличный iMac 27 5k Retina 2017 года на 4 ядерном процессора intel core i7.

Видеокарта Radeon Pro 5 580 на 8гб.

Оперативная память 16 gb, жесткий диск на 512gb.

В отличном внешнем и техническом состоянии, экран без засветов и битых пикселей.

В комплекте идет родная оригинальная клавиатура и мышь, коробка не сохранилась.

Посмотреть и приобрести можно у меня в офисе по адресу Улица Пятницкая дом 10с1.

Работаем каждый день с 12:00 до 20:00.

Trade in на выгодных условиях.",https://www.avito.ru/moskva/nastolnye_kompyutery/apple_imac_27_i7_retina_5k_2017_16512gb_3772659944
12,"Моноблок Apple iMac 2017 16GB 4k Retina 21,5 в Москве",55000,"Apple iMac 2017.

Распродаётся оптом большой лот Моноблоков Apple iMac.

Причина продажи — закрытие офисов. Все на гарантии. В наличие большое количество, более 100 шт одинаковой модели.

Модель iMac 2017.

Процессор Intel core i5 3ghz x4.

Диагональ 21,5 4096x2304 Retina.

Оперативная память 16GB Ram.

Жесткий диск 1TB Fusion drive.

Видео карта Radeon 555 2GB.

Скину по запросу полный актуальный каталог в вотсап с фотками и описанием.

Бизнес серии (берут бюджетные организации по тендерам, самые надёжные аппараты, есть в огромном количестве и в идеальном состоянии).

Модель: iMac A1419 Mne92ll/A, iMac 27« 5K Retina 2017, iMac 27» 5K Retina, iMac 27» Retina 2017, iMac 27» 2017, iMac 5K Retina, iMac 27», iMac 2017, Аймак 27» 5К Ретина 2017, Аймак 27» 5К Ретина, Аймак 27» Ретина 2017, Аймак 27» 2017, Аймак 5К Ретина, Аймак 27», Аймак 2017.",https://www.avito.ru/moskva/nastolnye_kompyutery/monoblok_apple_imac_2017_16gb_4k_retina_215_2399404154
13,iMac Pro 27 5k в Москве,350000,"IMac Pro 27” 5к 2017.
Ростест, куплен официально в Москве в декабре 2019, активно пользовался только первые полгода.
Самый мощный imac с шикарным дисплеем.
Заводская конфигурация без вмешательств, ремонтов, вскрытий и нареканий. Полный оригинал в отличном состоянии.
Cpu Xeon W 10 ядер.
Озу 64 Гб.
Ssd apple 1 Tb.
Radeon Pro Vega 64 16 Gb (не 56 с 8 гб).
Цвет спейс грей, русская клавиатура полноразмерная такого же цвета +тачпад, мыши нет.
Аккуратная домашняя эксплуатация, а не укатанный в офисе или студии. Работал немного и под одним пользователем, коробка есть, авитодоставкой не отправляю.
Обмен не рассматриваю.",https://www.avito.ru/moskva/nastolnye_kompyutery/imac_pro_27_5k_3192950641
14,iMac 27 2017 5K на запчасти в Москве,0,"На запчасти!
Динамики — 2000₽ за штуку.
Вентилятор 1500.
Корпус — предлагайте цену.
Возможен торг.
Больше ничего нет!",https://www.avito.ru/moskva/nastolnye_kompyutery/imac_27_2017_5k_na_zapchasti_3630775288
15,Apple iMac 27 в Зеленограде,87000,"Продам отличный Aррle imаc 27’ 5K Rеtinа 2017.
В идеальном состоянии.
Хар-ки:
Процeсcор 3.4 gнz 4-ядерный Intеl Сorе i5.
Oпepaтивнaя память 8 ГБ 2400 мнz Ddr4 (поддержка до 64 ГБ).
Hdd 1000 ГБ.
Графикa Amd Rаdеоn Pro 570 4ГБ.
Pоcтecт.
Куплен в Технопарк 08.2018.
Комплект: клавиатура, мышь, провод питания.
Использовался редко и бережно.
Не ремонтировался и не вскрывался!
Полностью очищен, По последнее обновление, ждет нового пользователя.
По договоренности могу привезти в Москву.",https://www.avito.ru/moskva_zelenograd/nastolnye_kompyutery/apple_imac_27_3648275243
16,"Apple iMac 27, 2017, 40gb в Москве",105000,"Продаю imac 27 дюймов, в идеальном состоянии! 1тб памяти, 40гб оперативной памяти! Компьютером пользовался с 2018-2021 год. После переезда комп третий год лежит в коробке, не нашел ему место для применения, так как есть ноутбук.

Приезжайте смотрите, проверяйте!",https://www.avito.ru/moskva/nastolnye_kompyutery/apple_imac_27_2017_40gb_3811776171
17,Apple iMac 27 2017 в Москве,100000,"IMac (Retina 5K, 27-inch, 2017).
Процессор: 3,8 ghz 4-ядерный процессор Intel Core i5.
Память: 8 ГБ 2400 mhz Ddr4.
Графика: Radeon Pro 580 8 ГБ.
Объём диска: 2 ТБ.

В отличном состоянии, нет сколов и царапин, полная комплектация с клавиатурой, мышью и оригинальным проводом для зарядки.

Есть коробка, ее внешнее состояние не очень, но для транспортировки подойдёт.

Продаю, потому что планирую купить игровой ноут.",https://www.avito.ru/moskva/nastolnye_kompyutery/apple_imac_27_2017_2647215594
18,"iMac 27 (2017) i7 4.2, 32 Ram SSD 500 (1548) в Москве",99900,"Продается флагманская модель iMac 27"" Retina 2017 — iMac 2017 Bto/Cto i7 4.2, 500 GB Ssd, 32 Gb Ram, Radeon Pro 570 — 4Gb.

Техническое состояние идеальное, внешнее — отличное. (см. Фото на них именно это устройство).

IMac полностью сброшен к заводскому состоянию. От icloud отвязан, никаких паролей нет. Установлена чистая операционная систем Mac OS 12 Monterey.

Также возможна дополнительная установка операционной системы Windows.

Также возможна продажа с увеличенной оперативной памятью:

Преимущества iMac 5K 2017 над iMac 5K 2015.

1. Thunderbolt 2 — всё! Теперь балом правит разъем с далеким и светлым будущим: два многофункциональных Usb-C с поддержкой Thunderbolt 3. Скорость возросла в 2 раза — до бешеных 40 Гбит/с.

2. Обновленный дисплей, выполненный по новой технологии. Поддерживается 10-битный дизеринг, отображается миллиард цветов. И самое главное: ярче в полтора раза. Никаких бликов.

3. До 50% быстрее Ssd (в том числе Fusion Drive), перешли на стандарт Pci-E 3.0. Поддерживается конфигурация Ssd до 2 Тб.

4. Новые процессоры 7-го поколения с увеличенными частотами во всех режимах. Поддерживается аппаратное декодирование 10-битного Hevc видео.

5. Максимальный объем оперативной памяти увеличился в 2 раза: 64 Гб. Но самое главное — новые планки Ddr4 (против Ddr3 у предыдущего поколения).

6. Более производительная графика (до 5.5 терафлопс) Amd Radeon Pro 580, а так же объем видеопамяти 8 Gb.

За отдельную цену можем продать комплектные клавиатуру и мышь Аррle.

Любые проверки при покупке (офис в центре, рядом с метро).

Гарантия 1 месяц (есть возможность купить расширенную до 12 мес).

Оплата.

Оплатить товар можно в любом из наших магазинов после полной проверки работоспособности.

Для физических лиц:

— наличными со скидкой 3% (цена в объявлении указана уже с учетом скидки).

— банковской картой через терминал.

Для юридических лиц:

— по счету с Ндс (наценку уточняйте у менеджера).

— по счету без Ндс (наценку уточняйте у менеджера).

— корпоративной банковской картой через терминал.

При покупке товара физическим лицом выдается товарный и кассовый чек. При покупке юр. Лицами — полный комплект закрывающих документов.

Доставка.

По Москве есть собственная курьерская доставка с оплатой после проверки, а также доставка авито-курьером.

По России возможна отправка авито-доставкой (через Boxberry) или любыми транспортными компаниями (Сдэк, Пэк, ""Деловые линии"" и др.).

Характеристики:

Модель: iMac A1419, iMac 27"" 5K Retina 2017, iMac 27"" 5K Retina, iMac 27"" Retina 2017, iMac 27"" 2017, iMac 5K Retina, iMac 27"", iMac 2017, Аймак 27"" 5К Ретина 2017, Аймак 27"" 5К Ретина, Аймак 27"" Ретина 2017, Аймак 27"" 2017, Аймак 5К Ретина, Аймак 27"", Аймак 2017.

Процессор: 4-ядерный Intel Core i7 4,2 ггц (I7-7700K), Turbo Boost 2.0 до 4.2 ггц,

Память: 32 Gb.

Жесткий диск: 500 Ssd.

Экран: 5K Retina 5120x2880 точек.

Видеокарта: Amd Radeon Pro 570 — 4 gb.

Вывод видео: до одного внешнего дисплея 5120x2880 (5K) при 60 Гц; два 3840x2160 (4K Uhd) внешних дисплея с частотой 60 Гц; или два 4096x2304 (4K) внешних дисплея с частотой 60 Гц.

Беспроводные интерфейсы: Wi-Fi 802.11ac, Bluetooth 4.2.

Порты и интерфейсы: 2x Thunderbolt 3 (Usb-C), 4x Usb 3.0, картридер Sdxc, Gigabit Ethernet, ИК-приёмник.

Аудио: Встроенный динамик, аудиовход mini jack 3,5 мм (совмещенный цифровой и аналоговый вход), выход на наушники (совмещенный цифровой и аналоговый выход).

Размеры и вес:
Ширина: 65 см.

Глубина: 20,3 см.

Высота: 51,6 см.

Вес: 9,54 кг.

Помимо данного устройства у нас большой выбор техники Apple. Со всем ассортиментом можно ознакомиться в профиле магазина на Avito.

Так же у нас есть Trade-in (обмен вашей техники Apple на нашу с вашей или нашей доплатой). Сумма доплаты зависит от модели, технического и внешнего состояния устройства.",https://www.avito.ru/moskva/nastolnye_kompyutery/imac_27_2017_i7_4.2_32_ram_ssd_500_1548_3705354365
19,Моноблок iMac 27 5K Retina 2017 в Москве,65000,"Пpодaю бoльшой 27-ми дюймовый iмас 2017 года.

Сoстoяние кoрпусa — oтличнoе. Ha экpaнe eсть небольшая трeщина, кoтоpая при вooбще не зaметна. Mac полнoстью cбpoшен к заводскoму сoстоянию. Oт iclоud отвязан. Уcтанoвлeна чистая опеpaциoннaя систeма maсоs.

Пpoцecсор: 4-ядерный Intеl Соrе i5 3,4 ггц.

Память: 32 Gb Ddr4 2667 мгц.

Жесткий диск: 1030 Гб.

Экран: 5К Rеtinа 5120х2880 точек.

Видеокарта: Амd Rаdеоn Рrо 570 — 4096 Мб.

Вывод видео: до одного внешнего дисплея 5120х2880 (5К) при 60 Гц; два 3840х2160 (4К Uнd) внешних дисплея с частотой 60 Гц; или два 4096х2304 (4К) внешних дисплея с частотой 60 Гц.

Беспроводные интерфейсы: Wi-Fi 802.11ac, Вluеtооth 4.2.
Порты и интерфейсы: 2х Тhundеrbоlt 3 (Usв-С), 4х Usв 3.0, картридер Sdхс, Gigаbit Еthеrnеt, ИК-приёмник.

Самовывоз.
Любые проверки онлайн или лично.",https://www.avito.ru/moskva/nastolnye_kompyutery/monoblok_imac_27_5k_retina_2017_3763706673
20,Моноблок apple iMac 27 retina 5k в Москве,75000,"Apple iMac 5k 27 2017 Mne92.
(3.4 Ghz, 8 Gb, 1Tb).
Куплен в 2019 году в biggeek.
Большой экран (смотреть фильмы), отличный звук (слушать музыку). Также использовался для учебы, работы и интернет-серфинга.
Обновлен до macos Ventura 13.6.4.

Без сколов и царапин, использовался аккуратно и не очень активно. Проблем в использовании никогда не возникало, не зависал, не ломался и не ремонтировался.
Внизу по углам имеются небольшие пылевые затемнения, как у всех моноблоков apple со временем (фото прилагаю), заметны только на белом фоне.
Не планировала продавать, но на работе ввели запрет на использование техники apple, стало не удобно.

Комплект: моноблок, клавиатура.
Прилагаю комплект logitech (клавиатура и мышь), которыми пользовалась сама, тк родная мышь была крайне неудобна.
Коробки нет.

Доставку не организую, забираете самостоятельно. Оплата только переводом.",https://www.avito.ru/moskva/nastolnye_kompyutery/monoblok_apple_imac_27_retina_5k_3827721396
21,Моноблок iMac 27 retina 5K 2017 8Гб RAM 1TB в Москве,75000,"Продам моноблок Apple iMac 27’ 2017 года. Версия на intel Core i5-7500 с видеографикой Radeon Pro 570. Оперативная память 8Гб. Диск на 1ТБ.
Отличный компьютер для личного пользования, тянет все офисные программы и видеомонтаж. Продаю в связи с покупкой нового компьютера.

Мышь и клавиатура Не идут в комплект. Коробка также отсутствует. Внешнее состояние моноблока отличное, царапины и сколы отсутствуют, экран и матрица в полном порядке. Единственное, расшаталось и перестало работать гнездо для наушников, но это решается переходником Usb-C-3,5 Jack, который я отдам вам вместе с компьютером.

Без обмена и торга. Для встречи писать в сообщения, на звонки отвечаю редко из-за включённого блокировщика неизвестных номеров.",https://www.avito.ru/moskva/nastolnye_kompyutery/monoblok_imac_27_retina_5k_2017_8gb_ram_1tb_3795663214
22,Apple iMac Late 2015 (активирован в 2017) в Москве,120000,"Apple iMac Late 2015 27 inch, куплен и активирован в конце 2017 года. Состояние отличное, абсолютно все полностью рабочее. Самая топовая комплектация:
Дисплей — Retina 5K, 27 дюймов (5120 х 2880).
Процессор — 4ghz 4-ядерный Intel Core i7.
Память — 32гб 1867 mhz Ddr3.
Графика — Amd Radeon R9 M395X 4гб.
Ssd — Fusion Drive 3.12TB.",https://www.avito.ru/moskva/nastolnye_kompyutery/apple_imac_late_2015_aktivirovan_v_2017_3824371773
23,"iMac 27 5K Retina 2017, Radeon Pro 580 8 GB в Москве",109900,"Продается мощный iMac 27"" 5k 2017 Retina i5 3.8 ггц 2,12Tb Fusion Drive, 8 Gb Ram, Radeon Pro 8Gb Vram.

Техническое состояние идеальное, внешнее — отличное.

IMac полностью сброшен к заводскому состоянию. От icloud отвязан, никаких паролей нет. Установлена чистая операционная система.

Также возможна дополнительная установка операционной системы Windows.

Преимущества iMac 5K 2017 над iMac 5K 2015.

1. Thunderbolt 2 — всё! Теперь балом правит разъем с далеким и светлым будущим: два многофункциональных Usb-C с поддержкой Thunderbolt 3. Скорость возросла в 2 раза — до бешеных 40 Гбит/с.

2. Обновленный дисплей, выполненный по новой технологии. Поддерживается 10-битный дизеринг, отображается миллиард цветов. И самое главное: ярче в полтора раза. Никаких бликов.

3. До 50% быстрее Ssd (в том числе Fusion Drive), перешли на стандарт Pci-E 3.0. Поддерживается конфигурация Ssd до 2 Тб.

4. Fusion Drive установлен во всех базовых конфигурациях.

5. Новые процессоры 7-го поколения с увеличенными частотами во всех режимах. Поддерживается аппаратное декодирование 10-битного Hevc видео.

6. Максимальный объем оперативной памяти увеличился в 2 раза: 64 Гб. Но самое главное — новые планки Ddr4 (против Ddr3 у предыдущего поколения).

За отдельную цену можем продать комплектные клавиатуру и мышь Аррle.

Любые проверки при покупке (офис в центре, рядом с метро).

Гарантия 3 месяца (есть возможность купить расширенную до 12 мес).

Оплата.

Оплатить товар можно в любом из наших магазинов после полной проверки работоспособности.

Для физических лиц:

— наличными со скидкой 3% (цена в объявлении указана уже с учетом скидки).

— банковской картой через терминал.

Для юридических лиц:

— по счету с Ндс (наценку уточняйте у менеджера).

— по счету без Ндс (наценку уточняйте у менеджера).

— корпоративной банковской картой через терминал.

При покупке товара физическим лицом выдается товарный и кассовый чек. При покупке юр. Лицами — полный комплект закрывающих документов.

Доставка.

По Москве есть собственная курьерская доставка с оплатой после проверки, а также доставка авито-курьером.

По России возможна отправка авито-доставкой (через Boxberry) или любыми транспортными компаниями (Сдэк, Пэк, ""Деловые линии"" и др.).

Характеристики:

Модель: iMac A1419 Mned2ll/A, iMac 27"" 5K Retina 2017, iMac 27"" 5K Retina, iMac 27"" Retina 2017, iMac 27"" 2017, iMac 5K Retina, iMac 27"", iMac 2017, Аймак 27"" 5К Ретина 2017, Аймак 27"" 5К Ретина, Аймак 27"" Ретина 2017, Аймак 27"" 2017, Аймак 5К Ретина, Аймак 27"", Аймак 2017.

Процессор: 4-ядерный Intel Core i5 3,8 ггц (I5-7600), Turbo Boost 2.0 до 4.1 ггц,

Память: 8 Gb PC4-19200 Ddr4 2400 мгц.

Жесткий диск: Fusion Drive 2,12 Тб.

Экран: 5K Retina 5120x2880 точек.

Видеокарта: Amd Radeon Pro 575 — 8 GB.

Вывод видео: до одного внешнего дисплея 5120x2880 (5K) при 60 Гц; два 3840x2160 (4K Uhd) внешних дисплея с частотой 60 Гц; или два 4096x2304 (4K) внешних дисплея с частотой 60 Гц.

Беспроводные интерфейсы: Wi-Fi 802.11ac, Bluetooth 4.2.

Порты и интерфейсы: 2x Thunderbolt 3 (Usb-C), 4x Usb 3.0, картридер Sdxc, Gigabit Ethernet, ИК-приёмник.

Аудио: Встроенный динамик, аудиовход mini jack 3,5 мм (совмещенный цифровой и аналоговый вход), выход на наушники (совмещенный цифровой и аналоговый выход).

Размеры и вес:

Ширина: 65 см.

Глубина: 20,3 см.

Высота: 51,6 см.

Вес: 9,54 кг.

Помимо данного устройства у нас большой выбор техники Apple. Со всем ассортиментом можно ознакомиться в профиле магазина на Avito.

Так же у нас есть Trade-in (обмен вашей техники Apple на нашу с вашей или нашей доплатой). Сумма доплаты зависит от модели, технического и внешнего состояния устройства.",https://www.avito.ru/moskva/nastolnye_kompyutery/imac_27_5k_retina_2017_radeon_pro_580_8_gb_2457541332
24,Моноблок apple iMac 27 inch в Москве,100000,"В идеале, не вскрывался, он комплектный.

Куплен осенью 2018 года, был в максимально аккуратном пользовании.
Причина продажи: хочу купить макбук, чтобы иметь возможность работать вне дома.

Все наклейки сниму с монитора перед продажей, они не оставляют липкий слой.

4,2 ghz 4‑ядерный процессор Intel Core i7.
Графика Radeon Pro 580 8 ГБ.
Память. 64 ГБ 2400 mhz Ddr4.
Retina 5r 27 inch 2017.",https://www.avito.ru/moskva/nastolnye_kompyutery/monoblok_apple_imac_27_inch_3137592777
25,iMac 27 retina 5k 2017 в Москве,113700,"В очень хорошем состоянии, жирная конфигурация!
Использовался лишь в офисе для работы в таблицах и просмотров видосиков).
Топовый фьюжн драйв(не до 64гб): 2000gb Hdd + 128 Ssd.
Видеокарта Radeon Pro 580 8gb,
Оперативная память увеличена до 16gb.
Комп справляется со всеми современными задачами, за все время пользования ни разу не слышал звук работы кулеров.
Из минусов есть мало заметные царапки, если присматриваться.
Приезжайте, смотрите, быстрым торг!",https://www.avito.ru/moskva/nastolnye_kompyutery/imac_27_retina_5k_2017_3740024583
26,"Apple iMac 27 2017 5k, core i7 4.2, 64гб в Москве",179999,"IMac 27 2017 5k, core i7 4.2, 64гб.
580 8гб, ssd 2 Tb в идеальном состоянии. Отпилена нога под кронштейн Vesa. Кронштейн в подарок.",https://www.avito.ru/moskva/nastolnye_kompyutery/apple_imac_27_2017_5k_core_i7_4.2_64gb_2869028973
27,iMac pro 27 2017 в Москве,240000,"Продаю свой imac pro 27. Использовался для фото ретуши и видео обработки. Спокойно работает с последним фотошопом с фишками на AI, никаких нареканий. С Final cut pro шуршал бодро, конвертация быстрая. По сути, почти полный аналог m1, но не m2))).
Коробка от него в наличии. Точнее, две коробки. Оригинальная и защитная, которая была сверху первой для транспортировки.",https://www.avito.ru/moskva/nastolnye_kompyutery/imac_pro_27_2017_3670073950
28,"Моноблок iMac Pro 27"" на мощных Xeon процессорах в Москве",156000,"Легендарная мощный зверь которая до сих пор актуальная это Apple iMac Pro 27"" дюймов и 5К.

Выкупаем и доставляем из США.
Как новые, восстановленные и б/у.

Настройте свой iMac Pro, выбрав: состояние, жесткий диск, память, Видеокарту дополнительно можно установить Windows.

Первый вариант:
iMac Pro 27-inch (Retina 5K) 3.0ghz 10-Core Xeon (Late 2017). — Apple Mhlv3ll/A.
На борту десяти ядерный процессор.
Память 512гб.
Оперативная память 16гб.
Видеокарта 8гб Vega 56.
В комплекте мышка-клавиатура ( English US).
Refurbished ( восстановленный).
Состояние: отличное.
Цена:156000р.",https://www.avito.ru/moskva/nastolnye_kompyutery/monoblok_imac_pro_27_na_moschnyh_xeon_protsessorah_3652844437
29,Apple iMac 27 retina 2017 процессор i7 в Москве,110000,"В отличном состоянии без дефектов! Любые проверки.
В комплекте с Magic keyboard 2 (расширенная) и Magic touchpad 2.
Intel I7 4,6 ghz.
Память 32 Гб.
Ssd 500 Гб.
Radeon 580.
Коробки нет.",https://www.avito.ru/moskva/nastolnye_kompyutery/apple_imac_27_retina_2017_protsessor_i7_3695152807
30,"Apple iMac retina 5k, 27,2017 в Москве",107000,"Продаю imac, состояние нового, клавиатура даже в плёнке, я им не пользовалась, максимум распечатывала и все.",https://www.avito.ru/moskva/nastolnye_kompyutery/apple_imac_retina_5k_272017_3713984232
31,Apple iMac 27 (2017) в Москве,92000,"Продаю Apple iMac 27 (2017), на борту процессор intel core i5, видеокарта Radeon Pro 570. Компьютер подойдет для учебы и работы. Разрешение экрана 5К.",https://www.avito.ru/moskva/nastolnye_kompyutery/apple_imac_27_2017_3781233823
32,Apple iMac 27 retina 5k в Москве,103000,"IMac (Retina 5K, 27-inch, 2017),
процессор intel Core i5 3.4 Ггц 4 ядра.
Память 40 Гб 2400 mhz Ddr4.
Графика Radeon Pro 575 4 гб.
Fusion drive 1 Тб.

На ремонте не был не вскрывался, больше года стоит без дела. В комплекте коробка, apple mouse и keyboard.",https://www.avito.ru/moskva/nastolnye_kompyutery/apple_imac_27_retina_5k_3423154404
33,Apple iMac Pro 27 2017 в Москве,600000,"Продаю iMac Pro 2017. Топовая конфигурация. В идеальном состоянии. Был приобретен в 2018 году. Почти не использовался. Не вскрывался. Упаковка в наличии.

Характеристики:

Моноблок Apple iMac Pro 27” Retina 5K.
Конфигурация (Z0ur001hb).
Процессор Intel Xeon W 18-core 2,3 ghz.
Оперативная память 128 Gb 2666 mhz Ddr 4.
Графика Radeon Pro Vega 64 16 Gb.
Хранилище Ssd 2TB.

Быстрый, надежный, производительный компьютер. Отличное решение в области дизайна, мультимедиа и прочих задач требующих большой вычислительной мощности.",https://www.avito.ru/moskva/nastolnye_kompyutery/apple_imac_pro_27_2017_3597413887
34,Apple iMac 27 в Москве,80000,"Продам iMac i5, 27, 8/1Tb, 2017 года выпуска. Покупал ребёнку для выполнения задач по школьным урокам в 2019 году. Полностью в рабочем состоянии, использовался мало, не ремонтировался! По краям в двух местах треснут экран по чёрной окантовке (случайно так получилось, смотрите фото) не критично, на работу компьютера не влияет. В комплекте родная клавиатура и мышка.",https://www.avito.ru/moskva/nastolnye_kompyutery/apple_imac_27_3363361882
35,iMac 27 retina 5k 2017 в Москве,80000,"Характеристики:

3,4 ghz Quad-Core Intel Core i5.
Radeon Pro 570 4 GB.
16 GB 2400 mhz Ddr4.
Ssd 256.

В комплекте трекпад и клавиатура.
Работают и выглядят отлично.
Без царапин, сколов, работает хорошо, включается быстро.
Сохранилась и коробка и коробка от коробки.

На месте любые проверки и тесты. Могу сделать по запросу.",https://www.avito.ru/moskva/nastolnye_kompyutery/imac_27_retina_5k_2017_3596869567
36,Apple iMac 27 retina 5k 2017 в Москве,140000,"Продаю настольный компьютер Apple iMac 27 retina 5k 20177. Комплектация весьма серьёзная. 3,8 ghz 4-ядерный процессор Intel Core i5. Графика Radeon Pro 580 8 ГБ. Оперативной памяти 40 ГБ 2400 Mhz Ddr4. Fusion Drive 2,12 Tb. Машина — зверь! Служил верой и правдой. Не разбирался, Не чинился. Пыль с него стирал, экран вытирал регулярно. Пользовался для обработки фото: LR, PS. После — Photomator, Affinity и всё равно PS))). Немного видео. Собственно больше ничего на нём и не делал, разве что немного текстов и чуть-чуть презентаций. Использование домашнее, не на износ. Фото как хобби, ночами напролет фото не обрабатывал))). Аппарат ухоженный, не истерзанный. Даже внешне как новый. Штатная клавиатура, штатная мышь. Мышь практически неиспользованная. Пользовался другой мышкой. Родной провод Lightning для зарядки мыши и клавиатуры. Можно заряжать iPhone.

На вопросы «из любопытства» отвечать не стану. Продам только тому, кто реально понимает, что покупает. Продаётся в Москве из рук в руки у меня с проверкой. Пересылать не стану. Вещь крупная, хрупкая, дорогая. После договоренности отвяжу от icloud, переустановлю macos, а пока компьютер продолжает работать на меня))).",https://www.avito.ru/moskva/nastolnye_kompyutery/apple_imac_27_retina_5k_2017_3501185142
37,"Apple iMac 27 Retina 5k, 2017 в Москве",130000,"Продаю iMac Retina 5K, 27-inch, 2017.
Покупал в мае 2018 года, в конце 2018 сделал upgrade.

Процессор 4,2 ghz 4-ядерный процессор Intel Core i7.
Память 64 ГБ 2400 mhz Ddr4.
Графика Radeon Pro 575 4 ГБ.
Ssd-диск 1 ТБ, Sata.

Мышка, клавиатура, провод и коробка родные в комплекте.

Экран без царапин, сколов, пыли.
Любые проверки-Welcome!

Компьютер мощный, надежный, но я им редко пользуюсь, поэтому и продаю.",https://www.avito.ru/moskva/nastolnye_kompyutery/apple_imac_27_retina_5k_2017_2355841697
38,Apple iMac 27 retina 5k 2017 в Москве,110000,В отличном состоянии.,https://www.avito.ru/moskva/nastolnye_kompyutery/apple_imac_27_retina_5k_2017_3528161659
39,"iMac 27 5k 2017 i7 4.2, 48Gb, 1Tb + 256 Gb SSD, 58 в Москве",138500,"Общение только в сообщениях.

Компьютер использовался для домашней работы с графикой в программах After Effects, Premier Pro, Illustrator, Photoshop, Cinema 4D и Houdini.

Состояние практически идеальное, в сентябре проводилась чистка от пыли и замена Fusion Drive на Ssd 1 Tb, поэтому в корпусе остался родной Ssd — 256 Gb (отлично подойдет для кеша).
Есть немного пыли под экраном в левом нижнем углу, на работу не влияет, практически незаметно, особенность моноблоков от Apple.

Топовый процессор и видеокарта для комплектации Apple iMac 2017 года,

Характеристики:
– Процессор — Intel Core i7 4 ядра 4.2ghz (Turbo Boost up to 4.5ghz).
– Видеокарта — Radeon Pro 580 8GB.
– Оперативная память — 48GB 2400mhz Ddr4.
– Жесткий диск — 1Tb Ssd + 256 Gb Ssd.

Мышь Magic Mouse 2 и Клавиатура Magic Keyboard 2 в комплекте.
Eсть чек и коробка.",https://www.avito.ru/moskva/nastolnye_kompyutery/imac_27_5k_2017_i7_4.2_48gb_1tb_256_gb_ssd_58_2584052259
40,"iMac (Retina 5K, 27-inch, 2017) в Москве",120000,"IMac (Retina 5K, 27-inch, 2017).
Дата покупки: апрель 2019.

Процессор: 3,4 ghz 4‑ядерный процессор Intel Core i5.
Графика: Radeon Pro 570 4 ГБ.
Память: 8 ГБ 2400 mhz Ddr4.
Хранилище Macintosh HD: 1 ТБ.

Серийный номер: C02xn92rj1gg.

Использовался крайне редко — удобнее и привычнее для работы стал MacBook Pro. Продаю в связи с тем, что для графических редакторов и рендера 3D мне нужно железо помощнее.

IMac в идеальном состоянии. Есть коробка для транспортировки.",https://www.avito.ru/moskva/nastolnye_kompyutery/imac_retina_5k_27-inch_2017_3221497051
41,"27"" Моноблок Apple iMac A2115 2017 retina в Москве",120000,"27"" Моноблок Apple iMac A2115.
2017 год. Характеристики на фото.
Покупка июль 2019. В идеале внешний вид, сколов на матрице нет, мышка и клавиатуре в отличном состоянии. Полный компект с коробкой.
В ноябре 2023 установлена новая материнка, с гарантией на 1 год.
Продаю в связи с покупкой нового.",https://www.avito.ru/moskva/nastolnye_kompyutery/27_monoblok_apple_imac_a2115_2017_retina_3704621970
42,iMac 27 Retina 5k 2017 в Москве,160000,"IMac 27-дюймовый с дисплеем Retina 5K (2017 года выпуска).

Был в употреблении меньше года. Работает быстро. Все детали родные. В комплекте оригинальные сенсорная мышка и клавиатура от Apple. Подключаются по Bluetooth. На iMac установлен лицензионный пакет Microsoft Office.

Характеристики: Intel Core i5 3,4 ггц. Оперативная память 8гб, дополнительно вставляли ещё 8гб. В общей сложности 16гб. Накопитель Fusion Drive 1 тб. Два порта Usb-C. Слот для карт Sdxc, четыре порта Usb-A.",https://www.avito.ru/moskva/nastolnye_kompyutery/imac_27_retina_5k_2017_3882121519
43,"iMac 27 5K Retina 2017, Radeon Pro 570 4 GB в Москве",89000,"Продается Мощный iMac 27"" 5k 2017 Retina i5 3.4 ггц 1030 GB Fusion Drive 8 Gb Ram.

Техническое состояние отличное, внешнее — Очень хорошее. Корпус не потертый, стекло без царапин и сколов. В ремонте не был.

IMac полностью сброшен к заводскому состоянию. От icloud отвязан, никаких паролей нет. Установлена чистая операционная система macos 12 Monterey.

Также возможна дополнительная установка операционной системы Windows.

Преимущества iMac 5K 2017 над iMac 5K 2015.

1. Thunderbolt 2 — всё! Теперь балом правит разъем с далеким и светлым будущим: два многофункциональных Usb-C с поддержкой Thunderbolt 3. Скорость возросла в 2 раза — до бешеных 40 Гбит/с.
2. Обновленный дисплей, выполненный по новой технологии. Поддерживается 10-битный дизеринг, отображается миллиард цветов. И самое главное: ярче в полтора раза. Никаких бликов.
3. До 50% быстрее Ssd (в том числе Fusion Drive), перешли на стандарт Pci-E 3.0. Поддерживается конфигурация Ssd до 2 Тб.
4. Fusion Drive установлен во всех базовых конфигурациях.
5. Новые процессоры 7-го поколения с увеличенными частотами во всех режимах. Поддерживается аппаратное декодирование 10-битного Hevc видео.
6. Максимальный объем оперативной памяти увеличился в 2 раза: 64 Гб. Но самое главное — новые планки Ddr4 (против Ddr3 у предыдущего поколения).
7. Более производительная графика (до 5.5 терафлопс) Amd Radeon Pro 570, а так же объем видеопамяти увеличен с 2 гб до 4.

За отдельную цену можем продать комплектные клавиатуру и мышь Аррle.

Любые проверки при покупке (офис в центре, рядом с метро).

Гарантия 1 месяц (есть возможность купить расширенную до 12 мес).

Оплата.

Оплатить товар можно в любом из наших магазинов после полной проверки работоспособности.

Для физических лиц:
— наличными со скидкой 3% (цена в объявлении указана уже с учетом скидки).
— банковской картой через терминал.
Для юридических лиц:
— по счету с Ндс (наценку уточняйте у менеджера).
— по счету без Ндс (наценку уточняйте у менеджера).
— корпоративной банковской картой через терминал.

При покупке товара физическим лицом выдается товарный и кассовый чек. При покупке юр. Лицами — полный комплект закрывающих документов.
Доставка.

По Москве есть собственная курьерская доставка с оплатой после проверки, а также доставка авито-курьером.

По России возможна отправка авито-доставкой (через Boxberry) или любыми транспортными компаниями (Сдэк, Пэк, ""Деловые линии"" и др.).

Характеристики:

Модель: iMac A1419 Mne92ll/A, iMac 27"" 5K Retina 2017, iMac 27"" 5K Retina, iMac 27"" Retina 2017, iMac 27"" 2017, iMac 5K Retina, iMac 27"", iMac 2017, Аймак 27"" 5К Ретина 2017, Аймак 27"" 5К Ретина, Аймак 27"" Ретина 2017, Аймак 27"" 2017, Аймак 5К Ретина, Аймак 27"", Аймак 2017.

Процессор: 4-ядерный Intel Core i5 3,4 ггц (I5-7500), Turbo Boost 2.0 до 3.8 ггц,
Память: 8 Gb Ddr4 2400 мгц.
Жесткий диск: Hdd+ Fusion Drive 1030 Гб.
Экран: 5K Retina 5120x2880 точек.
Видеокарта: Amd Radeon Pro 570 — 4096 Мб.
Вывод видео: до одного внешнего дисплея 5120x2880 (5K) при 60 Гц; два 3840x2160 (4K Uhd) внешних дисплея с частотой 60 Гц; или два 4096x2304 (4K) внешних дисплея с частотой 60 Гц.
Беспроводные интерфейсы: Wi-Fi 802.11ac, Bluetooth 4.2.
Порты и интерфейсы: 2x Thunderbolt 3 (Usb-C), 4x Usb 3.0, картридер Sdxc, Gigabit Ethernet, ИК-приёмник.
Аудио: Встроенный динамик, аудиовход mini jack 3,5 мм (совмещенный цифровой и аналоговый вход), выход на наушники (совмещенный цифровой и аналоговый выход).
Размеры и вес:
Ширина: 65 см.
Глубина: 20,3 см.
Высота: 51,6 см.
Вес: 9,54 кг.

Помимо данного устройства у нас большой выбор техники Apple. Со всем ассортиментом можно ознакомиться в профиле магазина на Avito.

Так же у нас есть Trade-in (обмен вашей техники Apple на нашу с вашей или нашей доплатой). Сумма доплаты зависит от модели, технического и внешнего состояния устройства.",https://www.avito.ru/moskva/nastolnye_kompyutery/imac_27_5k_retina_2017_radeon_pro_570_4_gb_2169242950
44,Apple iMac 27 2018 в Москве,115000,"IMac Retina 5K, 27-inch, 2017.

Дата покупки: ноября 2018.",https://www.avito.ru/moskva/nastolnye_kompyutery/apple_imac_27_2018_3574739359
45,iMac 27 2020 512GB 3.3GHz Ростест 3 Дня в Москве,146000,"Минимальный торг уместен! Срочно! Могу подвезти на авто сам по вашему адресу в Москве или области!
Apple iMac 27 Retina 5K 2020 i5(6 ядер) 3.3ghz (Boost To 4.8ghz) 8ГБ Озу 512GB Ssd Radeon Pro 5300 4GB.
Наработка по программе drivedx — 3 Дня 17 Часов.
Состояние практически идеальное(Есть коцка сзади на металлической ножке и следы пользования, см фото).
Полный заводской комплект(Родная коробка, Аймак, клавиатура, мышка, шнур, сетевой кабель) Все родное.
Вся информация есть на фотo. Любые проверки уместны. Не вскрывался никогда, Ремонтов никаких не было!
Без обменов на Mac Studio Mini MacBook Mac Pro 24 21.5 2017 2019 2021 2022 2023 и тд Asus Acer Dell HP Lenovo M2 M3 M1 Max игровой и тд! Возможен обмен с вашей доплатой на MacBook или iPhone.
Любые вопросы и доп фото сделаю и отвечу если надо).
Личнaя встречa в Москве. Самовывоз метрo Братиславская! Либо могy привезти по вашемy адресy сам, если точно забираетe.
Помогy загрyзить в Baш автомобиль.
Aвитo дoставкoй не отпpaвляю.",https://www.avito.ru/moskva/nastolnye_kompyutery/imac_27_2020_512gb_3.3ghz_rostest_3_dnya_3251922283
46,Apple iMac retina 5k 27-inch 2017 в Москве,130000,"Здравствуйте!
Выставляю на продажу Imac retina 27 5k.
В комплект входят.
Imac retina 27 5k.
Клавиатура беспроводная Apple Magic Keyboard.
Сетевой кабель питания C13 S22, 1.8м, евровилка, 3x0.75.",https://www.avito.ru/moskva/nastolnye_kompyutery/apple_imac_retina_5k_27-inch_2017_3476691593
