,sale,name,link
0,Скидка вам: 63%,"Сухой корм Perfect Fit 650гр х 4шт для стерилизованных кошек, с курицей",/product--sukhoi-korm-perfect-fit-650gr-kh-4sht-dlia-sterilizovannykh-koshek-s-kuritsei/1884937501?nid=73690&show-uid=17095824177416119610206001&context=search&uniqueId=67637972&sku=102071407713&cpc=VyWbgmbYQfSjrLAW-BLZKXB1tdC1-ZRo5jCqEShjmJTipIK5kk0ngDujcy3BO0Z_K_rJ2j_N1DLgAR_XCZoZGzlHtTwd8-35YS2JuqDSqc_pIs3T5RMszDLLvn2CV2YawfbtoPtV2hM2vlkeKx-fS9jrEtZFnXfMG9gj7drjxcwpiCAH9mw0w7E01uALZP84k2er7wN1XQg%2C&do-waremd5=Kw9iUm5sueDWkPLlEaVrEw&rs=eJyFUD1Iw1AYzFPRNkUIdekPyisuxUVaBKmtEDoJLtVd0lBTFIItTeviYFARReikk0sK4qKCDi7-YBwUF6eioB0MWnHUQREHwX5HFxddjuPuu_u-96ILrSl2wQSeHW6gPR5voPycIOXxmLA61ECnDOWNXGePdHmeOD8nXVghNIMnpKSQeiElvU_cPCLu9MFdh3JD3BwltMdoLw-hf4lc-5K4fAjMxxpofYEfEFrvuGHujHidXB6BPoGGHTSPUGf6E7e5icuLhFaCXIsRF_px5xq1pZdp0v7AnVX04I3WJvbiB8xd6HeYqVHKfkKKQ-8-pZkk5luw0YPtFcz78T8PtN0xkZLxG6-0xdHjyToTg6LLxSTuY5xJ7QH3pJZVS3pRiXAhLIh-mMzXyduklkBH04Q1AMuLnBToyahGSdWVjFrIlQxNVwqakc_NGNOzmlLM5flV2RNeve4SB5spKpQCoT9ShqYWMlP8fssT3qh5xdivYO-_QSXKK7ee8Pe2V2I_qyXIPQ%2C%2C
1,Скидка: 62%,"Сухой корм Perfect Fit для чувствительных кошек, индейка, 1,2 кг",/product--sukhoi-korm-perfect-fit-dlia-chuvstvitelnykh-koshek-indeika-1-2-kg/64460599?nid=73690&show-uid=17095824177416119610206002&context=search&uniqueId=109832267&sku=102759197898&cpc=VyWbgmbYQfSuUdbM3_750R5EWzvleQBmEZmYfxB0Iio71Oe1io2cfGxfBVc7VCmO-7bEh0p3UoDWv2NgqVunmC1xNJDHI64v1IJIItphuXG6zNNSg4tSREpu8GDzIwE0Y6aBGGizDSUKQCvYQPdh-bR8e2RKsxXtgKpEYUdk2e9NUEBTIfYofzc-aDei0D6heeOzdDhF6aw%2C&do-waremd5=DNnpj9ubuT-jjOjSOAhynw&rs=eJyFUD1Iw1AYzFPRNkUIdekPyisuxUVaBKmtEDoJLtVd0lBTFIItTeviYFARReikk0sK4qKCDi7-YBwUF6eioB0MWnHUQREHwX5HFxddjuPuu_u-96ILrSl2wQSeHW6gPR5voPycIOXxmLA61ECnDOWNXGePdHmeOD8nXVghNIMnpKSQeiElvU_cPCLu9MFdh3JD3BwltMdoLw-hf4lc-5K4fAjMxxpofYEfEFrvuGHujHidXB6BPoGGHTSPUGf6E7e5icuLhFaCXIsRF_px5xq1pZdp0v7AnVX04I3WJvbiB8xd6HeYqVHKfkKKQ-8-pZkk5luw0YPtFcz78T8PtN0xkZLxG6-0xdHjyToTg6LLxSTuY5xJ7QH3pJZVS3pRiXAhLIh-mMzXyduklkBH04Q1AMuLnBToyahGSdWVjFrIlQxNVwqakc_NGNOzmlLM5flV2RNeve4SB5spKpQCoT9ShqYWMlP8fssT3qh5xdivYO-_QSXKK7ee8Pe2V2I_qyXIPQ%2C%2C
2,Скидка вам: 59%,"Сухой корм Perfect Fit 650гр х 4шт для стерилизованных кошек, с говядиной",/product--sukhoi-korm-perfect-fit-650gr-kh-4sht-dlia-sterilizovannykh-koshek-s-goviadinoi/1875507075?nid=73690&show-uid=17095824177416119610206003&context=search&uniqueId=67637972&sku=102051173826&cpc=VyWbgmbYQfQ7qQdpYJU-nKHZ_dboCOX1sbYfNykG70zIQsLVgyRhFFlFWUBskuOxHqJgToxCQFMoO67IYe6hXWJ6iTwqB1CIOOYJ9PdDdpbbtsUjfqeC4lh1yN1IlJfV2cmb6hdHbW3FD7QpyoM59MQdjaBv7y5ykL_hE1XUAc08BuxIVAxbCL_vdYj6nnb1yLfyzZVSqsM%2C&do-waremd5=xOvI97TfwvYtX7_ck4txZw&rs=eJyFUD1Iw1AYzFPRNkUIdekPyisuxUVaBKmtEDoJLtVd0lBTFIItTeviYFARReikk0sK4qKCDi7-YBwUF6eioB0MWnHUQREHwX5HFxddjuPuu_u-96ILrSl2wQSeHW6gPR5voPycIOXxmLA61ECnDOWNXGePdHmeOD8nXVghNIMnpKSQeiElvU_cPCLu9MFdh3JD3BwltMdoLw-hf4lc-5K4fAjMxxpofYEfEFrvuGHujHidXB6BPoGGHTSPUGf6E7e5icuLhFaCXIsRF_px5xq1pZdp0v7AnVX04I3WJvbiB8xd6HeYqVHKfkKKQ-8-pZkk5luw0YPtFcz78T8PtN0xkZLxG6-0xdHjyToTg6LLxSTuY5xJ7QH3pJZVS3pRiXAhLIh-mMzXyduklkBH04Q1AMuLnBToyahGSdWVjFrIlQxNVwqakc_NGNOzmlLM5flV2RNeve4SB5spKpQCoT9ShqYWMlP8fssT3qh5xdivYO-_QSXKK7ee8Pe2V2I_qyXIPQ%2C%2C
3,Скидка вам: 58%,"Сухой корм Perfect Fit 580гр х 2шт с индейкой, спирулиной и клюквой для поддержания иммунитета кошки",/product--sukhoi-korm-perfect-fit-580gr-kh-2sht-s-indeikoi-spirulinoi-i-kliukvoi-dlia-podderzhaniia-immuniteta-koshki/18658735?nid=73690&show-uid=17095824177416119610206004&context=search&uniqueId=67637972&sku=102052967640&cpc=VyWbgmbYQfQJhz9d3m5_nwUnzYbl9LV5LQ0_GtpBZ0ARhdhwi2AmrEQHrnuiZorTCHVIcuDik8KRzmima0Bshw5hHzFw__r3fVwERcxB0knQHK0h0X8ghMj-szxXO7V6__1DnHeVg6BhXfMSGGyBF6Czcu9hk0Mli1MKEbmerPWPzAhd30nZgT-v04xZbE_n9Eh3V8oJsME%2C&do-waremd5=qH-wr9vxfE__ncKR4eGFyw&rs=eJyFUD1Iw1AYzFPRNkUIdekPyisuxUVaBKmtEDoJLtVd0lBTFIItTeviYFARReikk0sK4qKCDi7-YBwUF6eioB0MWnHUQREHwX5HFxddjuPuu_u-96ILrSl2wQSeHW6gPR5voPycIOXxmLA61ECnDOWNXGePdHmeOD8nXVghNIMnpKSQeiElvU_cPCLu9MFdh3JD3BwltMdoLw-hf4lc-5K4fAjMxxpofYEfEFrvuGHujHidXB6BPoGGHTSPUGf6E7e5icuLhFaCXIsRF_px5xq1pZdp0v7AnVX04I3WJvbiB8xd6HeYqVHKfkKKQ-8-pZkk5luw0YPtFcz78T8PtN0xkZLxG6-0xdHjyToTg6LLxSTuY5xJ7QH3pJZVS3pRiXAhLIh-mMzXyduklkBH04Q1AMuLnBToyahGSdWVjFrIlQxNVwqakc_NGNOzmlLM5flV2RNeve4SB5spKpQCoT9ShqYWMlP8fssT3qh5xdivYO-_QSXKK7ee8Pe2V2I_qyXIPQ%2C%2C
4,Скидка вам: 55%,"Сухой корм Perfect Fit 650гр х 2шт для котят от 2 до 12 месяцев, с курицей",/product--sukhoi-korm-perfect-fit-650gr-kh-2sht-dlia-kotiat-ot-2-do-12-mesiatsev-s-kuritsei/34331860?nid=73690&show-uid=17095824177416119610206005&context=search&uniqueId=67637972&sku=102552900829&cpc=VyWbgmbYQfRHKNmC8POwRkvXlpgVlwbyXxt0Ctke9vjU1qFdwY_-dMYD5wqkiSdAV7qwwl5DGvHEw-84IN8rSwN5t6saZokQv5phX2UoJ-aghpu8KDTAKvYNm3mNiTGYpkznOecLGD7xocqirk0wLNuTz7tSTLbb445rr8SH4I-iNpVGT7vcwB2DWCy7k5X6xYMOLK-VQqw%2C&do-waremd5=x49bxwZ5nXeyJ1hUJAoJKw&rs=eJyFUD1Iw1AYzFPRNkUIdekPyisuxUVaBKmtEDoJLtVd0lBTFIItTeviYFARReikk0sK4qKCDi7-YBwUF6eioB0MWnHUQREHwX5HFxddjuPuu_u-96ILrSl2wQSeHW6gPR5voPycIOXxmLA61ECnDOWNXGePdHmeOD8nXVghNIMnpKSQeiElvU_cPCLu9MFdh3JD3BwltMdoLw-hf4lc-5K4fAjMxxpofYEfEFrvuGHujHidXB6BPoGGHTSPUGf6E7e5icuLhFaCXIsRF_px5xq1pZdp0v7AnVX04I3WJvbiB8xd6HeYqVHKfkKKQ-8-pZkk5luw0YPtFcz78T8PtN0xkZLxG6-0xdHjyToTg6LLxSTuY5xJ7QH3pJZVS3pRiXAhLIh-mMzXyduklkBH04Q1AMuLnBToyahGSdWVjFrIlQxNVwqakc_NGNOzmlLM5flV2RNeve4SB5spKpQCoT9ShqYWMlP8fssT3qh5xdivYO-_QSXKK7ee8Pe2V2I_qyXIPQ%2C%2C
5,Скидка вам: 54%,"Корм сухой для кошек PerfectFit домашних 650г c курицей, 4 шт",/product--korm-sukhoi-dlia-koshek-perfectfit-domashnikh-650g-c-kuritsei-4-sht/1811946067?nid=73690&show-uid=17095824177416119610206006&context=search&uniqueId=52300977&sku=101923762495&cpc=VyWbgmbYQfRJDoEg5GDyH1QoeyttWnoOxiLA2edwthKhVXSgC_Sna04amIj8BHrJa1VtYhONm9x_Lgfa6gADOeNmKay9BELoF-3zQPFYHN9I-ZLoP6Ci9nPe2LRR6WFkcNPc5uuhB1mlw9nNv6L7vgo8GLi-pcqWwfF8FrThHcTXdi1lJ4d7LiJAMndZu0fr7N2i90R5dXM%2C&do-waremd5=Ki9m-OM9FMiCwLKj9smHBA&rs=eJyFUD1Iw1AYzFPRNkUIdekPyisuxUVaBKmtEDoJLtVd0lBTFIItTeviYFARReikk0sK4qKCDi7-YBwUF6eioB0MWnHUQREHwX5HFxddjuPuu_u-96ILrSl2wQSeHW6gPR5voPycIOXxmLA61ECnDOWNXGePdHmeOD8nXVghNIMnpKSQeiElvU_cPCLu9MFdh3JD3BwltMdoLw-hf4lc-5K4fAjMxxpofYEfEFrvuGHujHidXB6BPoGGHTSPUGf6E7e5icuLhFaCXIsRF_px5xq1pZdp0v7AnVX04I3WJvbiB8xd6HeYqVHKfkKKQ-8-pZkk5luw0YPtFcz78T8PtN0xkZLxG6-0xdHjyToTg6LLxSTuY5xJ7QH3pJZVS3pRiXAhLIh-mMzXyduklkBH04Q1AMuLnBToyahGSdWVjFrIlQxNVwqakc_NGNOzmlLM5flV2RNeve4SB5spKpQCoT9ShqYWMlP8fssT3qh5xdivYO-_QSXKK7ee8Pe2V2I_qyXIPQ%2C%2C
6,Скидка вам: 55%,Сухой корм Perfect Fit 650гр х 2шт для кошек с чувствительным пищеварением с индейкой,/product--sukhoi-korm-perfect-fit-650gr-kh-2sht-dlia-koshek-s-chuvstvitelnym-pishchevareniem-s-indeikoi/35542848?nid=73690&show-uid=17095824177416119610206007&context=search&uniqueId=67637972&sku=102559105209&cpc=VyWbgmbYQfQg7_Mmor3g7Ao9MniO-X40qFciySIlTiu5yTkNHQOT18AY-IByc5p2kpfz82sFAvDE0NOZ59hBsalt0m5TYmyBSlZ2YPkIqEuknpRNaG8iP28yEpxtqPAH1AmmVZMIwLIH-2HFLkvYSokHyeeU_WhsFbWvcQ7cJ8fp6mVivAjukeMTh3VFxNxNeOZltvmvu4k%2C&do-waremd5=gCjBEEqiz_-taS8qTZl0nA&rs=eJyFUD1Iw1AYzFPRNkUIdekPyisuxUVaBKmtEDoJLtVd0lBTFIItTeviYFARReikk0sK4qKCDi7-YBwUF6eioB0MWnHUQREHwX5HFxddjuPuu_u-96ILrSl2wQSeHW6gPR5voPycIOXxmLA61ECnDOWNXGePdHmeOD8nXVghNIMnpKSQeiElvU_cPCLu9MFdh3JD3BwltMdoLw-hf4lc-5K4fAjMxxpofYEfEFrvuGHujHidXB6BPoGGHTSPUGf6E7e5icuLhFaCXIsRF_px5xq1pZdp0v7AnVX04I3WJvbiB8xd6HeYqVHKfkKKQ-8-pZkk5luw0YPtFcz78T8PtN0xkZLxG6-0xdHjyToTg6LLxSTuY5xJ7QH3pJZVS3pRiXAhLIh-mMzXyduklkBH04Q1AMuLnBToyahGSdWVjFrIlQxNVwqakc_NGNOzmlLM5flV2RNeve4SB5spKpQCoT9ShqYWMlP8fssT3qh5xdivYO-_QSXKK7ee8Pe2V2I_qyXIPQ%2C%2C
7,Скидка: 53%,"PERFECT FIT для поддержания здоровья почек, с лососем в соусе, 75г",/product--perfect-fit-dlia-podderzhaniia-zdorovia-pochek-s-lososem-v-souse-75g/1944598062?nid=73690&show-uid=17095824177416119610206008&context=search&uniqueId=96527688&sku=102451517567&cpc=VyWbgmbYQfQDh9ggOErrfvbtXEAAwyFvp7_TyGcoZJyjxlCBB3NH27ExJwCNrK0ZoyuErOymeRI7E6SyVXLuP8Ze143I3eiTu6CAGDHiR9OznvCp4dRFN-fidQwgZyiieYwpHaMg2xLXr9vH4dx6Bmwdwy_3XhOlsSuG7YEUYQCcSUgcHdHJGTUyFyg2g4NWgArLYraGDow%2C&do-waremd5=uU_paSr_Clqcy0eA8NHdXg&rs=eJyFUD1Iw1AYzFPRNkUIdekPyisuxUVaBKmtEDoJLtVd0lBTFIItTeviYFARReikk0sK4qKCDi7-YBwUF6eioB0MWnHUQREHwX5HFxddjuPuu_u-96ILrSl2wQSeHW6gPR5voPycIOXxmLA61ECnDOWNXGePdHmeOD8nXVghNIMnpKSQeiElvU_cPCLu9MFdh3JD3BwltMdoLw-hf4lc-5K4fAjMxxpofYEfEFrvuGHujHidXB6BPoGGHTSPUGf6E7e5icuLhFaCXIsRF_px5xq1pZdp0v7AnVX04I3WJvbiB8xd6HeYqVHKfkKKQ-8-pZkk5luw0YPtFcz78T8PtN0xkZLxG6-0xdHjyToTg6LLxSTuY5xJ7QH3pJZVS3pRiXAhLIh-mMzXyduklkBH04Q1AMuLnBToyahGSdWVjFrIlQxNVwqakc_NGNOzmlLM5flV2RNeve4SB5spKpQCoT9ShqYWMlP8fssT3qh5xdivYO-_QSXKK7ee8Pe2V2I_qyXIPQ%2C%2C
8,Скидка: 51%,"Сухой корм для кошек Perfect Fit для здоровой кожи и шерсти, индейка, 650 г",/product--sukhoi-korm-dlia-koshek-perfect-fit-dlia-zdorovoi-kozhi-i-shersti-indeika-650-g/69466682?nid=73690&show-uid=17095824177416119610206009&context=search&uniqueId=111023335&sku=102779633373&cpc=VyWbgmbYQfQ5VAXqHum1ZGsXJbpbamBboWJkQ5_eyIKQ-sSoKxSld9qshxNqGbY2RQCe4E0Ux7NDKy1ug4yKVu0FDutztc8JsA8JbDOrx6UtCRiWs2wvnIBoniYhHX98g1aWTyGFtr_GNV9SqxJikrdKgcQuKDKWpvQcxhHo_0Qs5_MGpYmlMxtr__M7yB490xZEcHfQ268%2C&do-waremd5=NpZZlB2HEpOm4nAxZhsdtw&rs=eJyFUD1Iw1AYzFPRNkUIdekPyisuxUVaBKmtEDoJLtVd0lBTFIItTeviYFARReikk0sK4qKCDi7-YBwUF6eioB0MWnHUQREHwX5HFxddjuPuu_u-96ILrSl2wQSeHW6gPR5voPycIOXxmLA61ECnDOWNXGePdHmeOD8nXVghNIMnpKSQeiElvU_cPCLu9MFdh3JD3BwltMdoLw-hf4lc-5K4fAjMxxpofYEfEFrvuGHujHidXB6BPoGGHTSPUGf6E7e5icuLhFaCXIsRF_px5xq1pZdp0v7AnVX04I3WJvbiB8xd6HeYqVHKfkKKQ-8-pZkk5luw0YPtFcz78T8PtN0xkZLxG6-0xdHjyToTg6LLxSTuY5xJ7QH3pJZVS3pRiXAhLIh-mMzXyduklkBH04Q1AMuLnBToyahGSdWVjFrIlQxNVwqakc_NGNOzmlLM5flV2RNeve4SB5spKpQCoT9ShqYWMlP8fssT3qh5xdivYO-_QSXKK7ee8Pe2V2I_qyXIPQ%2C%2C
9,Скидка вам: 52%,"Корм для кошек Perfect Fit красивая шерсть индейка, 75г, 24 шт",/product--korm-dlia-koshek-perfect-fit-krasivaia-sherst-indeika-75g-24-sht/1811941963?nid=73690&show-uid=17095824177416119610206010&context=search&uniqueId=52300977&sku=101923761088&cpc=VyWbgmbYQfTMIcUgP3twblhbHY97KA6T6kxHynozlH0YH2G5ZEAmwsr0ptB1MBPZEey2wpI5lcc5Op7AuggBGpruQBSwSF6TWcbsdvDACfi4PVHhuUiUdSyCGiqIEQtDHEdIiI-RiDFM9J-GR6dQvPa6U4EMdO0hwAiwWnvMZMASeBSj9scP5SuWnlS_oUBv3uJWcnSm9Mk%2C&do-waremd5=hflbIK0yazaC-jQ5BAVkwg&rs=eJyFUD1Iw1AYzFPRNkUIdekPyisuxUVaBKmtEDoJLtVd0lBTFIItTeviYFARReikk0sK4qKCDi7-YBwUF6eioB0MWnHUQREHwX5HFxddjuPuu_u-96ILrSl2wQSeHW6gPR5voPycIOXxmLA61ECnDOWNXGePdHmeOD8nXVghNIMnpKSQeiElvU_cPCLu9MFdh3JD3BwltMdoLw-hf4lc-5K4fAjMxxpofYEfEFrvuGHujHidXB6BPoGGHTSPUGf6E7e5icuLhFaCXIsRF_px5xq1pZdp0v7AnVX04I3WJvbiB8xd6HeYqVHKfkKKQ-8-pZkk5luw0YPtFcz78T8PtN0xkZLxG6-0xdHjyToTg6LLxSTuY5xJ7QH3pJZVS3pRiXAhLIh-mMzXyduklkBH04Q1AMuLnBToyahGSdWVjFrIlQxNVwqakc_NGNOzmlLM5flV2RNeve4SB5spKpQCoT9ShqYWMlP8fssT3qh5xdivYO-_QSXKK7ee8Pe2V2I_qyXIPQ%2C%2C
10,Скидка вам: 51%,"Perfect Fit Сухой корм для стерилизованных кошек с курицей 10205504 2,5 кг 36129 (2 шт)",/product--sukhoi-korm-dlia-sterilizovannykh-koshek-perfect-fit-s-kuritsei/13531307?show-uid=17095824177416119610206011&context=search&uniqueId=685694&sku=101343833729&cpc=VyWbgmbYQfQ9RN_nbeWE40TyQXAKDGkiOkoy7II13j2dOe-NzWBInERgcAlMPtmSQwLPqYCkD8KegSHjCk46_H6OrsJzj0NnTHL260IuSUK0LP0ixVnjekXC4ka7fGP3ul0_tQ3zkr1DfrawDQEl6IYulaA1aGH4gMgj-A1ygKt8ftOqoWfi_qj6MCXytb5FldtdSH8Jf5I%2C&do-waremd5=oHUehWsZEXFeCAhrzUt-Dw&rs=eJyFUD1Iw1AYzFPRNkUIdekPyisuxUVaBKmtEDoJLtVd0lBTFIItTeviYFARReikk0sK4qKCDi7-YBwUF6eioB0MWnHUQREHwX5HFxddjuPuu_u-96ILrSl2wQSeHW6gPR5voPycIOXxmLA61ECnDOWNXGePdHmeOD8nXVghNIMnpKSQeiElvU_cPCLu9MFdh3JD3BwltMdoLw-hf4lc-5K4fAjMxxpofYEfEFrvuGHujHidXB6BPoGGHTSPUGf6E7e5icuLhFaCXIsRF_px5xq1pZdp0v7AnVX04I3WJvbiB8xd6HeYqVHKfkKKQ-8-pZkk5luw0YPtFcz78T8PtN0xkZLxG6-0xdHjyToTg6LLxSTuY5xJ7QH3pJZVS3pRiXAhLIh-mMzXyduklkBH04Q1AMuLnBToyahGSdWVjFrIlQxNVwqakc_NGNOzmlLM5flV2RNeve4SB5spKpQCoT9ShqYWMlP8fssT3qh5xdivYO-_QSXKK7ee8Pe2V2I_qyXIPQ%2C%2C
11,Скидка вам: 49%,Сухой корм Perfect Fit 650гр х 2шт для кошек с чувствительным пищеварением с лососем,/product--sukhoi-korm-perfect-fit-650gr-kh-2sht-dlia-koshek-s-chuvstvitelnym-pishchevareniem-s-lososem/35542847?nid=73690&show-uid=17095824177416119610206012&context=search&uniqueId=67637972&sku=102559105208&cpc=VyWbgmbYQfQ2Ds9bdo1izV5pSo5UiYWOMppIHCpZApZ3-iuViPYxhGWp-7xyDbfM7OqdhogWKZcM4issLi3sgn1mGe-jRRObOHVKvYSxG5LW1JfYmgo7vqH3hu0BsjhQQpfLq7kM2ksRSM63rbr7NGZ4J187lPLFsMcaI3SqDgJmjNYnPgjoUByjenqbstKIZAsdgjlRb8k%2C&do-waremd5=VoxCom2HfGA5ELE-dhAJ_w&rs=eJyFUD1Iw1AYzFPRNkUIdekPyisuxUVaBKmtEDoJLtVd0lBTFIItTeviYFARReikk0sK4qKCDi7-YBwUF6eioB0MWnHUQREHwX5HFxddjuPuu_u-96ILrSl2wQSeHW6gPR5voPycIOXxmLA61ECnDOWNXGePdHmeOD8nXVghNIMnpKSQeiElvU_cPCLu9MFdh3JD3BwltMdoLw-hf4lc-5K4fAjMxxpofYEfEFrvuGHujHidXB6BPoGGHTSPUGf6E7e5icuLhFaCXIsRF_px5xq1pZdp0v7AnVX04I3WJvbiB8xd6HeYqVHKfkKKQ-8-pZkk5luw0YPtFcz78T8PtN0xkZLxG6-0xdHjyToTg6LLxSTuY5xJ7QH3pJZVS3pRiXAhLIh-mMzXyduklkBH04Q1AMuLnBToyahGSdWVjFrIlQxNVwqakc_NGNOzmlLM5flV2RNeve4SB5spKpQCoT9ShqYWMlP8fssT3qh5xdivYO-_QSXKK7ee8Pe2V2I_qyXIPQ%2C%2C
12,Скидка вам: 50%,"Сухой корм Perfect Fit 580гр х 2шт с говядиной, семенами льна и голубикой для поддержания иммунитета кошки",/product--sukhoi-korm-perfect-fit-580gr-kh-2sht-s-goviadinoi-semenami-lna-i-golubikoi-dlia-podderzhaniia-immuniteta-koshki/41814874?nid=73690&show-uid=17095824177416119610206013&context=search&uniqueId=67637972&sku=102596145115&cpc=VyWbgmbYQfSKcV_qwMyp-zniSFCDCGdiv0mAuuXo1iOFY3H3nYjFNbr4stnuWBy0poBVvmaKb28kLf6_F-XjXMzQS_sZ07TxvziDqlvoZuQ_OJfPrJMyMmf_GQnai7xbslIX6sBqm_8UkvWBxl3TVpNsg2YU_iU_kJvYW1o-NpyeUSoAJvNlHyeZc6wJd0pU0eK6jvoP-6g%2C&do-waremd5=rZHvcgCFtuALVdEgR1EtoQ&rs=eJyFUD1Iw1AYzFPRNkUIdekPyisuxUVaBKmtEDoJLtVd0lBTFIItTeviYFARReikk0sK4qKCDi7-YBwUF6eioB0MWnHUQREHwX5HFxddjuPuu_u-96ILrSl2wQSeHW6gPR5voPycIOXxmLA61ECnDOWNXGePdHmeOD8nXVghNIMnpKSQeiElvU_cPCLu9MFdh3JD3BwltMdoLw-hf4lc-5K4fAjMxxpofYEfEFrvuGHujHidXB6BPoGGHTSPUGf6E7e5icuLhFaCXIsRF_px5xq1pZdp0v7AnVX04I3WJvbiB8xd6HeYqVHKfkKKQ-8-pZkk5luw0YPtFcz78T8PtN0xkZLxG6-0xdHjyToTg6LLxSTuY5xJ7QH3pJZVS3pRiXAhLIh-mMzXyduklkBH04Q1AMuLnBToyahGSdWVjFrIlQxNVwqakc_NGNOzmlLM5flV2RNeve4SB5spKpQCoT9ShqYWMlP8fssT3qh5xdivYO-_QSXKK7ee8Pe2V2I_qyXIPQ%2C%2C
13,Скидка вам: 48%,"PERFECT FIT с чувствительным пищеварением, с индейкой в соусе, 75г",/product--perfect-fit-s-chuvstvitelnym-pishchevareniem-s-indeikoi-v-souse-75g/63189953?nid=73690&show-uid=17095824177416119610206014&context=search&uniqueId=96527688&sku=102514864588&cpc=VyWbgmbYQfQTXSx0FbF_ZWX_f0pVgkfBx9nV-G98cgqBzirrR2BIDBGnbbwCHHiJAjda-_jBKu7jmG2glOaG9n6FQAtYdtdRki8Z8Ho9kOu0KI7kgTsKesPgle0gZT_Rqa6DfdiBqgvjXHS-L6bQaO2D0MyMs02MNr57r0OojHndRsOS4iBKb68yMz11sKK-WVLJYJdpPOg%2C&do-waremd5=XQtJnI-9zUO0lkJ3gBBxMA&rs=eJyFUD1Iw1AYzFPRNkUIdekPyisuxUVaBKmtEDoJLtVd0lBTFIItTeviYFARReikk0sK4qKCDi7-YBwUF6eioB0MWnHUQREHwX5HFxddjuPuu_u-96ILrSl2wQSeHW6gPR5voPycIOXxmLA61ECnDOWNXGePdHmeOD8nXVghNIMnpKSQeiElvU_cPCLu9MFdh3JD3BwltMdoLw-hf4lc-5K4fAjMxxpofYEfEFrvuGHujHidXB6BPoGGHTSPUGf6E7e5icuLhFaCXIsRF_px5xq1pZdp0v7AnVX04I3WJvbiB8xd6HeYqVHKfkKKQ-8-pZkk5luw0YPtFcz78T8PtN0xkZLxG6-0xdHjyToTg6LLxSTuY5xJ7QH3pJZVS3pRiXAhLIh-mMzXyduklkBH04Q1AMuLnBToyahGSdWVjFrIlQxNVwqakc_NGNOzmlLM5flV2RNeve4SB5spKpQCoT9ShqYWMlP8fssT3qh5xdivYO-_QSXKK7ee8Pe2V2I_qyXIPQ%2C%2C
14,Скидка вам: 49%,"Корм сухой для кошек PerfectFit 650г c говядиной, 4 шт",/product--korm-sukhoi-dlia-koshek-perfectfit-650g-c-goviadinoi-4-sht/1811944139?nid=73690&show-uid=17095824177416119610206015&context=search&uniqueId=52300977&sku=101923763456&cpc=VyWbgmbYQfRwujoLJJgDyrqdWk6muZITo51AMKw6fW9z2QJS3tElJHWwuoS5JHkypJ-S32g8wQCvoLk6J0BVhUksdYAeCZuRVDV1ufe8PFt85pwp6HEL2r8bCW59c6KcXElcFuzBoB-1v7dBQYaloGawaNVeRH_Cy0_t4hUrG2MBFztJRhHqA7SPdjjnTpT8DDNzrQuAmWw%2C&do-waremd5=8A2pq-4hbdUTe9gTr9Y5AQ&rs=eJyFUD1Iw1AYzFPRNkUIdekPyisuxUVaBKmtEDoJLtVd0lBTFIItTeviYFARReikk0sK4qKCDi7-YBwUF6eioB0MWnHUQREHwX5HFxddjuPuu_u-96ILrSl2wQSeHW6gPR5voPycIOXxmLA61ECnDOWNXGePdHmeOD8nXVghNIMnpKSQeiElvU_cPCLu9MFdh3JD3BwltMdoLw-hf4lc-5K4fAjMxxpofYEfEFrvuGHujHidXB6BPoGGHTSPUGf6E7e5icuLhFaCXIsRF_px5xq1pZdp0v7AnVX04I3WJvbiB8xd6HeYqVHKfkKKQ-8-pZkk5luw0YPtFcz78T8PtN0xkZLxG6-0xdHjyToTg6LLxSTuY5xJ7QH3pJZVS3pRiXAhLIh-mMzXyduklkBH04Q1AMuLnBToyahGSdWVjFrIlQxNVwqakc_NGNOzmlLM5flV2RNeve4SB5spKpQCoT9ShqYWMlP8fssT3qh5xdivYO-_QSXKK7ee8Pe2V2I_qyXIPQ%2C%2C
15,Скидка: 47%,"Perfect Fit Immunity для иммунитета кошек, говядина в желе и семена льна",/product--perfect-fit-immunity-dlia-immuniteta-koshek-goviadina-v-zhele-i-semena-lna/59980448?nid=73690&show-uid=17095824177416119610206016&context=search&uniqueId=96527688&sku=102515038858&cpc=VyWbgmbYQfTFolaGLvqnpoRHWgNNSrPD1aBhZUVit94quATKzv0mbDkL0EOEnBEqjj1j4_882xjfIY17dwVysFjYXjSeFHudkHubU6_0Hx7zCFgCel5znSDicmFYrgP4Qcv-sbUscLTn2p5_gicuGtbIuVRloo3gpyEXzBW1nEP9YzYy2XV_7HbuXky7gQweCceMXXv3BVw%2C&do-waremd5=c3v_h7SqNPJxRGjxRPMisQ&rs=eJyFUD1Iw1AYzFPRNkUIdekPyisuxUVaBKmtEDoJLtVd0lBTFIItTeviYFARReikk0sK4qKCDi7-YBwUF6eioB0MWnHUQREHwX5HFxddjuPuu_u-96ILrSl2wQSeHW6gPR5voPycIOXxmLA61ECnDOWNXGePdHmeOD8nXVghNIMnpKSQeiElvU_cPCLu9MFdh3JD3BwltMdoLw-hf4lc-5K4fAjMxxpofYEfEFrvuGHujHidXB6BPoGGHTSPUGf6E7e5icuLhFaCXIsRF_px5xq1pZdp0v7AnVX04I3WJvbiB8xd6HeYqVHKfkKKQ-8-pZkk5luw0YPtFcz78T8PtN0xkZLxG6-0xdHjyToTg6LLxSTuY5xJ7QH3pJZVS3pRiXAhLIh-mMzXyduklkBH04Q1AMuLnBToyahGSdWVjFrIlQxNVwqakc_NGNOzmlLM5flV2RNeve4SB5spKpQCoT9ShqYWMlP8fssT3qh5xdivYO-_QSXKK7ee8Pe2V2I_qyXIPQ%2C%2C
16,Скидка вам: 47%,"Perfect Fit Сухой корм стерилизованных кошек с курицей PERFECT FIT 1,2 кг (2 шт)",/product--sukhoi-korm-dlia-sterilizovannykh-koshek-perfect-fit-s-kuritsei/13531307?show-uid=17095824177416119610206017&context=search&uniqueId=685694&sku=101805854181&cpc=VyWbgmbYQfT1Wv2pYCq4Ru-Hr7pW-1cfcHjhohIn-e8C2itk_36kdYrtIElcfJ8vh6mvZndyVvkNLbAvGXN01VVTOv7aSJAUKjC0ZcRHHcXBRMMp-yiSqlVxuowZuCXaHs8RbNJR4bfeJBakoGwEe_3dWNcf9TlCKIQgVe8ofTYD5kMROgFRkQ5F8WwQgRSqnbKuKC0qQ4E%2C&do-waremd5=vJXkODnSrgHiHmlL5qbrNw&rs=eJyFUD1Iw1AYzFPRNkUIdekPyisuxUVaBKmtEDoJLtVd0lBTFIItTeviYFARReikk0sK4qKCDi7-YBwUF6eioB0MWnHUQREHwX5HFxddjuPuu_u-96ILrSl2wQSeHW6gPR5voPycIOXxmLA61ECnDOWNXGePdHmeOD8nXVghNIMnpKSQeiElvU_cPCLu9MFdh3JD3BwltMdoLw-hf4lc-5K4fAjMxxpofYEfEFrvuGHujHidXB6BPoGGHTSPUGf6E7e5icuLhFaCXIsRF_px5xq1pZdp0v7AnVX04I3WJvbiB8xd6HeYqVHKfkKKQ-8-pZkk5luw0YPtFcz78T8PtN0xkZLxG6-0xdHjyToTg6LLxSTuY5xJ7QH3pJZVS3pRiXAhLIh-mMzXyduklkBH04Q1AMuLnBToyahGSdWVjFrIlQxNVwqakc_NGNOzmlLM5flV2RNeve4SB5spKpQCoT9ShqYWMlP8fssT3qh5xdivYO-_QSXKK7ee8Pe2V2I_qyXIPQ%2C%2C
17,Скидка вам: 47%,Сухой корм Perfect Fit 650гр х 1шт для кошек с чувствительным пищеварением с индейкой,/product--sukhoi-korm-perfect-fit-650gr-kh-1sht-dlia-koshek-s-chuvstvitelnym-pishchevareniem-s-indeikoi/35542850?nid=73690&show-uid=17095824177416119610206018&context=search&uniqueId=67637972&sku=102559105211&cpc=VyWbgmbYQfSTEGnmipmwud4imJeZo6W5o6Zfg9YTW20SzJrFuVawzLtH2w9UTY1qB_-NiuKrkLggmgKcKCvymJUUtTAhThlBPJY6l2oAyDdelsTIL9MfWJxR1dZwxLLv0wWtLPtxGe-HJnDOS8oMBx1p4b3KTXggVWNWpPUagIW-6L91e_Rv1gbIIsemDI169FpePoqEiXo%2C&do-waremd5=bmDvMVKoZWFBWlqhgqSQXQ&rs=eJyFUD1Iw1AYzFPRNkUIdekPyisuxUVaBKmtEDoJLtVd0lBTFIItTeviYFARReikk0sK4qKCDi7-YBwUF6eioB0MWnHUQREHwX5HFxddjuPuu_u-96ILrSl2wQSeHW6gPR5voPycIOXxmLA61ECnDOWNXGePdHmeOD8nXVghNIMnpKSQeiElvU_cPCLu9MFdh3JD3BwltMdoLw-hf4lc-5K4fAjMxxpofYEfEFrvuGHujHidXB6BPoGGHTSPUGf6E7e5icuLhFaCXIsRF_px5xq1pZdp0v7AnVX04I3WJvbiB8xd6HeYqVHKfkKKQ-8-pZkk5luw0YPtFcz78T8PtN0xkZLxG6-0xdHjyToTg6LLxSTuY5xJ7QH3pJZVS3pRiXAhLIh-mMzXyduklkBH04Q1AMuLnBToyahGSdWVjFrIlQxNVwqakc_NGNOzmlLM5flV2RNeve4SB5spKpQCoT9ShqYWMlP8fssT3qh5xdivYO-_QSXKK7ee8Pe2V2I_qyXIPQ%2C%2C
18,Скидка вам: 47%,"Perfect Fit Сухой корм для котят с курицей (PERFECT FIT Junior Ck 16*190g) 1016210110172967 | Perfect Fit Junior 0,19 кг 25226 (1 шт)",/product--perfect-fit-sukhoi-korm-dlia-kotiat-s-kuritsei-perfect-fit-junior-ck-16-190g-1016210110172967-perfect-fit-junior-0-19-kg-25226-1-sht/18742432?nid=73690&show-uid=17095824177416119610206019&context=search&uniqueId=26377897&sku=101828785157&cpc=VyWbgmbYQfSb4svbWD9DjSHLmQ9Lt0bpc_U7y07haaqtBJfziIIJ93z0uxmYs8jh_9GfGGRHeRCF9Eh4kk7FkxV4fpwsn5LFTe9o58kQLhCrJKIpAfasBZ8tz9gGPA_XGfzulOcUILZlCirx6dVUrR_8977B_Nt0FcYvfEpVUcuA3qjjDRrx4GyrQNZf6Sp6712wbNjbP6Y%2C&do-waremd5=FV7j9xG1ydOHcMIUllEJYg&rs=eJyFUD1Iw1AYzFPRNkUIdekPyisuxUVaBKmtEDoJLtVd0lBTFIItTeviYFARReikk0sK4qKCDi7-YBwUF6eioB0MWnHUQREHwX5HFxddjuPuu_u-96ILrSl2wQSeHW6gPR5voPycIOXxmLA61ECnDOWNXGePdHmeOD8nXVghNIMnpKSQeiElvU_cPCLu9MFdh3JD3BwltMdoLw-hf4lc-5K4fAjMxxpofYEfEFrvuGHujHidXB6BPoGGHTSPUGf6E7e5icuLhFaCXIsRF_px5xq1pZdp0v7AnVX04I3WJvbiB8xd6HeYqVHKfkKKQ-8-pZkk5luw0YPtFcz78T8PtN0xkZLxG6-0xdHjyToTg6LLxSTuY5xJ7QH3pJZVS3pRiXAhLIh-mMzXyduklkBH04Q1AMuLnBToyahGSdWVjFrIlQxNVwqakc_NGNOzmlLM5flV2RNeve4SB5spKpQCoT9ShqYWMlP8fssT3qh5xdivYO-_QSXKK7ee8Pe2V2I_qyXIPQ%2C%2C
19,Скидка вам: 46%,Сухой корм Perfect Fit 650гр х 4шт для кошек с чувствительным пищеварением с лососем,/product--sukhoi-korm-perfect-fit-650gr-kh-4sht-dlia-koshek-s-chuvstvitelnym-pishchevareniem-s-lososem/35542849?nid=73690&show-uid=17095824177416119610206020&context=search&uniqueId=67637972&sku=102559105210&cpc=VyWbgmbYQfSM9RqktOrlqlt8Rtxj7Tr1CuAUavt2qJfRKY89CLzbDdnzDSzu_qBz6qDnMZLoKXi_nXOfGdx2H6dms3gMTaN_bvHup-LM91CVYapQcNlRbQEneWuqZPgGX9d2yGCpv72pu7RWIM2rljw0MogOVgwkMU8X7_1B6S3ilcx8W8ZeJEbxYWG6tVmEsxn9hUdp1y0%2C&do-waremd5=YvvhoEvvAr55Lq7cenQhvw&rs=eJyFUD1Iw1AYzFPRNkUIdekPyisuxUVaBKmtEDoJLtVd0lBTFIItTeviYFARReikk0sK4qKCDi7-YBwUF6eioB0MWnHUQREHwX5HFxddjuPuu_u-96ILrSl2wQSeHW6gPR5voPycIOXxmLA61ECnDOWNXGePdHmeOD8nXVghNIMnpKSQeiElvU_cPCLu9MFdh3JD3BwltMdoLw-hf4lc-5K4fAjMxxpofYEfEFrvuGHujHidXB6BPoGGHTSPUGf6E7e5icuLhFaCXIsRF_px5xq1pZdp0v7AnVX04I3WJvbiB8xd6HeYqVHKfkKKQ-8-pZkk5luw0YPtFcz78T8PtN0xkZLxG6-0xdHjyToTg6LLxSTuY5xJ7QH3pJZVS3pRiXAhLIh-mMzXyduklkBH04Q1AMuLnBToyahGSdWVjFrIlQxNVwqakc_NGNOzmlLM5flV2RNeve4SB5spKpQCoT9ShqYWMlP8fssT3qh5xdivYO-_QSXKK7ee8Pe2V2I_qyXIPQ%2C%2C
20,Скидка вам: 63%,"Сухой корм Perfect Fit 650гр х 4шт для стерилизованных кошек, с курицей",/product--sukhoi-korm-perfect-fit-650gr-kh-4sht-dlia-sterilizovannykh-koshek-s-kuritsei/1884937501?nid=73690&show-uid=17095824177416119610206001&context=search&uniqueId=67637972&sku=102071407713&cpc=VyWbgmbYQfSjrLAW-BLZKXB1tdC1-ZRo5jCqEShjmJTipIK5kk0ngDujcy3BO0Z_K_rJ2j_N1DLgAR_XCZoZGzlHtTwd8-35YS2JuqDSqc_pIs3T5RMszDLLvn2CV2YawfbtoPtV2hM2vlkeKx-fS9jrEtZFnXfMG9gj7drjxcwpiCAH9mw0w7E01uALZP84k2er7wN1XQg%2C&do-waremd5=Kw9iUm5sueDWkPLlEaVrEw&rs=eJyFUD1Iw1AYzFPRNkUIdekPyisuxUVaBKmtEDoJLtVd0lBTFIItTeviYFARReikk0sK4qKCDi7-YBwUF6eioB0MWnHUQREHwX5HFxddjuPuu_u-96ILrSl2wQSeHW6gPR5voPycIOXxmLA61ECnDOWNXGePdHmeOD8nXVghNIMnpKSQeiElvU_cPCLu9MFdh3JD3BwltMdoLw-hf4lc-5K4fAjMxxpofYEfEFrvuGHujHidXB6BPoGGHTSPUGf6E7e5icuLhFaCXIsRF_px5xq1pZdp0v7AnVX04I3WJvbiB8xd6HeYqVHKfkKKQ-8-pZkk5luw0YPtFcz78T8PtN0xkZLxG6-0xdHjyToTg6LLxSTuY5xJ7QH3pJZVS3pRiXAhLIh-mMzXyduklkBH04Q1AMuLnBToyahGSdWVjFrIlQxNVwqakc_NGNOzmlLM5flV2RNeve4SB5spKpQCoT9ShqYWMlP8fssT3qh5xdivYO-_QSXKK7ee8Pe2V2I_qyXIPQ%2C%2C
21,Скидка: 62%,"Сухой корм Perfect Fit для чувствительных кошек, индейка, 1,2 кг",/product--sukhoi-korm-perfect-fit-dlia-chuvstvitelnykh-koshek-indeika-1-2-kg/64460599?nid=73690&show-uid=17095824177416119610206002&context=search&uniqueId=109832267&sku=102759197898&cpc=VyWbgmbYQfSuUdbM3_750R5EWzvleQBmEZmYfxB0Iio71Oe1io2cfGxfBVc7VCmO-7bEh0p3UoDWv2NgqVunmC1xNJDHI64v1IJIItphuXG6zNNSg4tSREpu8GDzIwE0Y6aBGGizDSUKQCvYQPdh-bR8e2RKsxXtgKpEYUdk2e9NUEBTIfYofzc-aDei0D6heeOzdDhF6aw%2C&do-waremd5=DNnpj9ubuT-jjOjSOAhynw&rs=eJyFUD1Iw1AYzFPRNkUIdekPyisuxUVaBKmtEDoJLtVd0lBTFIItTeviYFARReikk0sK4qKCDi7-YBwUF6eioB0MWnHUQREHwX5HFxddjuPuu_u-96ILrSl2wQSeHW6gPR5voPycIOXxmLA61ECnDOWNXGePdHmeOD8nXVghNIMnpKSQeiElvU_cPCLu9MFdh3JD3BwltMdoLw-hf4lc-5K4fAjMxxpofYEfEFrvuGHujHidXB6BPoGGHTSPUGf6E7e5icuLhFaCXIsRF_px5xq1pZdp0v7AnVX04I3WJvbiB8xd6HeYqVHKfkKKQ-8-pZkk5luw0YPtFcz78T8PtN0xkZLxG6-0xdHjyToTg6LLxSTuY5xJ7QH3pJZVS3pRiXAhLIh-mMzXyduklkBH04Q1AMuLnBToyahGSdWVjFrIlQxNVwqakc_NGNOzmlLM5flV2RNeve4SB5spKpQCoT9ShqYWMlP8fssT3qh5xdivYO-_QSXKK7ee8Pe2V2I_qyXIPQ%2C%2C
22,Скидка вам: 59%,"Сухой корм Perfect Fit 650гр х 4шт для стерилизованных кошек, с говядиной",/product--sukhoi-korm-perfect-fit-650gr-kh-4sht-dlia-sterilizovannykh-koshek-s-goviadinoi/1875507075?nid=73690&show-uid=17095824177416119610206003&context=search&uniqueId=67637972&sku=102051173826&cpc=VyWbgmbYQfQ7qQdpYJU-nKHZ_dboCOX1sbYfNykG70zIQsLVgyRhFFlFWUBskuOxHqJgToxCQFMoO67IYe6hXWJ6iTwqB1CIOOYJ9PdDdpbbtsUjfqeC4lh1yN1IlJfV2cmb6hdHbW3FD7QpyoM59MQdjaBv7y5ykL_hE1XUAc08BuxIVAxbCL_vdYj6nnb1yLfyzZVSqsM%2C&do-waremd5=xOvI97TfwvYtX7_ck4txZw&rs=eJyFUD1Iw1AYzFPRNkUIdekPyisuxUVaBKmtEDoJLtVd0lBTFIItTeviYFARReikk0sK4qKCDi7-YBwUF6eioB0MWnHUQREHwX5HFxddjuPuu_u-96ILrSl2wQSeHW6gPR5voPycIOXxmLA61ECnDOWNXGePdHmeOD8nXVghNIMnpKSQeiElvU_cPCLu9MFdh3JD3BwltMdoLw-hf4lc-5K4fAjMxxpofYEfEFrvuGHujHidXB6BPoGGHTSPUGf6E7e5icuLhFaCXIsRF_px5xq1pZdp0v7AnVX04I3WJvbiB8xd6HeYqVHKfkKKQ-8-pZkk5luw0YPtFcz78T8PtN0xkZLxG6-0xdHjyToTg6LLxSTuY5xJ7QH3pJZVS3pRiXAhLIh-mMzXyduklkBH04Q1AMuLnBToyahGSdWVjFrIlQxNVwqakc_NGNOzmlLM5flV2RNeve4SB5spKpQCoT9ShqYWMlP8fssT3qh5xdivYO-_QSXKK7ee8Pe2V2I_qyXIPQ%2C%2C
23,Скидка вам: 58%,"Сухой корм Perfect Fit 580гр х 2шт с индейкой, спирулиной и клюквой для поддержания иммунитета кошки",/product--sukhoi-korm-perfect-fit-580gr-kh-2sht-s-indeikoi-spirulinoi-i-kliukvoi-dlia-podderzhaniia-immuniteta-koshki/18658735?nid=73690&show-uid=17095824177416119610206004&context=search&uniqueId=67637972&sku=102052967640&cpc=VyWbgmbYQfQJhz9d3m5_nwUnzYbl9LV5LQ0_GtpBZ0ARhdhwi2AmrEQHrnuiZorTCHVIcuDik8KRzmima0Bshw5hHzFw__r3fVwERcxB0knQHK0h0X8ghMj-szxXO7V6__1DnHeVg6BhXfMSGGyBF6Czcu9hk0Mli1MKEbmerPWPzAhd30nZgT-v04xZbE_n9Eh3V8oJsME%2C&do-waremd5=qH-wr9vxfE__ncKR4eGFyw&rs=eJyFUD1Iw1AYzFPRNkUIdekPyisuxUVaBKmtEDoJLtVd0lBTFIItTeviYFARReikk0sK4qKCDi7-YBwUF6eioB0MWnHUQREHwX5HFxddjuPuu_u-96ILrSl2wQSeHW6gPR5voPycIOXxmLA61ECnDOWNXGePdHmeOD8nXVghNIMnpKSQeiElvU_cPCLu9MFdh3JD3BwltMdoLw-hf4lc-5K4fAjMxxpofYEfEFrvuGHujHidXB6BPoGGHTSPUGf6E7e5icuLhFaCXIsRF_px5xq1pZdp0v7AnVX04I3WJvbiB8xd6HeYqVHKfkKKQ-8-pZkk5luw0YPtFcz78T8PtN0xkZLxG6-0xdHjyToTg6LLxSTuY5xJ7QH3pJZVS3pRiXAhLIh-mMzXyduklkBH04Q1AMuLnBToyahGSdWVjFrIlQxNVwqakc_NGNOzmlLM5flV2RNeve4SB5spKpQCoT9ShqYWMlP8fssT3qh5xdivYO-_QSXKK7ee8Pe2V2I_qyXIPQ%2C%2C
24,Скидка вам: 55%,"Сухой корм Perfect Fit 650гр х 2шт для котят от 2 до 12 месяцев, с курицей",/product--sukhoi-korm-perfect-fit-650gr-kh-2sht-dlia-kotiat-ot-2-do-12-mesiatsev-s-kuritsei/34331860?nid=73690&show-uid=17095824177416119610206005&context=search&uniqueId=67637972&sku=102552900829&cpc=VyWbgmbYQfRHKNmC8POwRkvXlpgVlwbyXxt0Ctke9vjU1qFdwY_-dMYD5wqkiSdAV7qwwl5DGvHEw-84IN8rSwN5t6saZokQv5phX2UoJ-aghpu8KDTAKvYNm3mNiTGYpkznOecLGD7xocqirk0wLNuTz7tSTLbb445rr8SH4I-iNpVGT7vcwB2DWCy7k5X6xYMOLK-VQqw%2C&do-waremd5=x49bxwZ5nXeyJ1hUJAoJKw&rs=eJyFUD1Iw1AYzFPRNkUIdekPyisuxUVaBKmtEDoJLtVd0lBTFIItTeviYFARReikk0sK4qKCDi7-YBwUF6eioB0MWnHUQREHwX5HFxddjuPuu_u-96ILrSl2wQSeHW6gPR5voPycIOXxmLA61ECnDOWNXGePdHmeOD8nXVghNIMnpKSQeiElvU_cPCLu9MFdh3JD3BwltMdoLw-hf4lc-5K4fAjMxxpofYEfEFrvuGHujHidXB6BPoGGHTSPUGf6E7e5icuLhFaCXIsRF_px5xq1pZdp0v7AnVX04I3WJvbiB8xd6HeYqVHKfkKKQ-8-pZkk5luw0YPtFcz78T8PtN0xkZLxG6-0xdHjyToTg6LLxSTuY5xJ7QH3pJZVS3pRiXAhLIh-mMzXyduklkBH04Q1AMuLnBToyahGSdWVjFrIlQxNVwqakc_NGNOzmlLM5flV2RNeve4SB5spKpQCoT9ShqYWMlP8fssT3qh5xdivYO-_QSXKK7ee8Pe2V2I_qyXIPQ%2C%2C
25,Скидка вам: 54%,"Корм сухой для кошек PerfectFit домашних 650г c курицей, 4 шт",/product--korm-sukhoi-dlia-koshek-perfectfit-domashnikh-650g-c-kuritsei-4-sht/1811946067?nid=73690&show-uid=17095824177416119610206006&context=search&uniqueId=52300977&sku=101923762495&cpc=VyWbgmbYQfRJDoEg5GDyH1QoeyttWnoOxiLA2edwthKhVXSgC_Sna04amIj8BHrJa1VtYhONm9x_Lgfa6gADOeNmKay9BELoF-3zQPFYHN9I-ZLoP6Ci9nPe2LRR6WFkcNPc5uuhB1mlw9nNv6L7vgo8GLi-pcqWwfF8FrThHcTXdi1lJ4d7LiJAMndZu0fr7N2i90R5dXM%2C&do-waremd5=Ki9m-OM9FMiCwLKj9smHBA&rs=eJyFUD1Iw1AYzFPRNkUIdekPyisuxUVaBKmtEDoJLtVd0lBTFIItTeviYFARReikk0sK4qKCDi7-YBwUF6eioB0MWnHUQREHwX5HFxddjuPuu_u-96ILrSl2wQSeHW6gPR5voPycIOXxmLA61ECnDOWNXGePdHmeOD8nXVghNIMnpKSQeiElvU_cPCLu9MFdh3JD3BwltMdoLw-hf4lc-5K4fAjMxxpofYEfEFrvuGHujHidXB6BPoGGHTSPUGf6E7e5icuLhFaCXIsRF_px5xq1pZdp0v7AnVX04I3WJvbiB8xd6HeYqVHKfkKKQ-8-pZkk5luw0YPtFcz78T8PtN0xkZLxG6-0xdHjyToTg6LLxSTuY5xJ7QH3pJZVS3pRiXAhLIh-mMzXyduklkBH04Q1AMuLnBToyahGSdWVjFrIlQxNVwqakc_NGNOzmlLM5flV2RNeve4SB5spKpQCoT9ShqYWMlP8fssT3qh5xdivYO-_QSXKK7ee8Pe2V2I_qyXIPQ%2C%2C
26,Скидка вам: 55%,Сухой корм Perfect Fit 650гр х 2шт для кошек с чувствительным пищеварением с индейкой,/product--sukhoi-korm-perfect-fit-650gr-kh-2sht-dlia-koshek-s-chuvstvitelnym-pishchevareniem-s-indeikoi/35542848?nid=73690&show-uid=17095824177416119610206007&context=search&uniqueId=67637972&sku=102559105209&cpc=VyWbgmbYQfQg7_Mmor3g7Ao9MniO-X40qFciySIlTiu5yTkNHQOT18AY-IByc5p2kpfz82sFAvDE0NOZ59hBsalt0m5TYmyBSlZ2YPkIqEuknpRNaG8iP28yEpxtqPAH1AmmVZMIwLIH-2HFLkvYSokHyeeU_WhsFbWvcQ7cJ8fp6mVivAjukeMTh3VFxNxNeOZltvmvu4k%2C&do-waremd5=gCjBEEqiz_-taS8qTZl0nA&rs=eJyFUD1Iw1AYzFPRNkUIdekPyisuxUVaBKmtEDoJLtVd0lBTFIItTeviYFARReikk0sK4qKCDi7-YBwUF6eioB0MWnHUQREHwX5HFxddjuPuu_u-96ILrSl2wQSeHW6gPR5voPycIOXxmLA61ECnDOWNXGePdHmeOD8nXVghNIMnpKSQeiElvU_cPCLu9MFdh3JD3BwltMdoLw-hf4lc-5K4fAjMxxpofYEfEFrvuGHujHidXB6BPoGGHTSPUGf6E7e5icuLhFaCXIsRF_px5xq1pZdp0v7AnVX04I3WJvbiB8xd6HeYqVHKfkKKQ-8-pZkk5luw0YPtFcz78T8PtN0xkZLxG6-0xdHjyToTg6LLxSTuY5xJ7QH3pJZVS3pRiXAhLIh-mMzXyduklkBH04Q1AMuLnBToyahGSdWVjFrIlQxNVwqakc_NGNOzmlLM5flV2RNeve4SB5spKpQCoT9ShqYWMlP8fssT3qh5xdivYO-_QSXKK7ee8Pe2V2I_qyXIPQ%2C%2C
27,Скидка: 53%,"PERFECT FIT для поддержания здоровья почек, с лососем в соусе, 75г",/product--perfect-fit-dlia-podderzhaniia-zdorovia-pochek-s-lososem-v-souse-75g/1944598062?nid=73690&show-uid=17095824177416119610206008&context=search&uniqueId=96527688&sku=102451517567&cpc=VyWbgmbYQfQDh9ggOErrfvbtXEAAwyFvp7_TyGcoZJyjxlCBB3NH27ExJwCNrK0ZoyuErOymeRI7E6SyVXLuP8Ze143I3eiTu6CAGDHiR9OznvCp4dRFN-fidQwgZyiieYwpHaMg2xLXr9vH4dx6Bmwdwy_3XhOlsSuG7YEUYQCcSUgcHdHJGTUyFyg2g4NWgArLYraGDow%2C&do-waremd5=uU_paSr_Clqcy0eA8NHdXg&rs=eJyFUD1Iw1AYzFPRNkUIdekPyisuxUVaBKmtEDoJLtVd0lBTFIItTeviYFARReikk0sK4qKCDi7-YBwUF6eioB0MWnHUQREHwX5HFxddjuPuu_u-96ILrSl2wQSeHW6gPR5voPycIOXxmLA61ECnDOWNXGePdHmeOD8nXVghNIMnpKSQeiElvU_cPCLu9MFdh3JD3BwltMdoLw-hf4lc-5K4fAjMxxpofYEfEFrvuGHujHidXB6BPoGGHTSPUGf6E7e5icuLhFaCXIsRF_px5xq1pZdp0v7AnVX04I3WJvbiB8xd6HeYqVHKfkKKQ-8-pZkk5luw0YPtFcz78T8PtN0xkZLxG6-0xdHjyToTg6LLxSTuY5xJ7QH3pJZVS3pRiXAhLIh-mMzXyduklkBH04Q1AMuLnBToyahGSdWVjFrIlQxNVwqakc_NGNOzmlLM5flV2RNeve4SB5spKpQCoT9ShqYWMlP8fssT3qh5xdivYO-_QSXKK7ee8Pe2V2I_qyXIPQ%2C%2C
28,Скидка: 51%,"Сухой корм для кошек Perfect Fit для здоровой кожи и шерсти, индейка, 650 г",/product--sukhoi-korm-dlia-koshek-perfect-fit-dlia-zdorovoi-kozhi-i-shersti-indeika-650-g/69466682?nid=73690&show-uid=17095824177416119610206009&context=search&uniqueId=111023335&sku=102779633373&cpc=VyWbgmbYQfQ5VAXqHum1ZGsXJbpbamBboWJkQ5_eyIKQ-sSoKxSld9qshxNqGbY2RQCe4E0Ux7NDKy1ug4yKVu0FDutztc8JsA8JbDOrx6UtCRiWs2wvnIBoniYhHX98g1aWTyGFtr_GNV9SqxJikrdKgcQuKDKWpvQcxhHo_0Qs5_MGpYmlMxtr__M7yB490xZEcHfQ268%2C&do-waremd5=NpZZlB2HEpOm4nAxZhsdtw&rs=eJyFUD1Iw1AYzFPRNkUIdekPyisuxUVaBKmtEDoJLtVd0lBTFIItTeviYFARReikk0sK4qKCDi7-YBwUF6eioB0MWnHUQREHwX5HFxddjuPuu_u-96ILrSl2wQSeHW6gPR5voPycIOXxmLA61ECnDOWNXGePdHmeOD8nXVghNIMnpKSQeiElvU_cPCLu9MFdh3JD3BwltMdoLw-hf4lc-5K4fAjMxxpofYEfEFrvuGHujHidXB6BPoGGHTSPUGf6E7e5icuLhFaCXIsRF_px5xq1pZdp0v7AnVX04I3WJvbiB8xd6HeYqVHKfkKKQ-8-pZkk5luw0YPtFcz78T8PtN0xkZLxG6-0xdHjyToTg6LLxSTuY5xJ7QH3pJZVS3pRiXAhLIh-mMzXyduklkBH04Q1AMuLnBToyahGSdWVjFrIlQxNVwqakc_NGNOzmlLM5flV2RNeve4SB5spKpQCoT9ShqYWMlP8fssT3qh5xdivYO-_QSXKK7ee8Pe2V2I_qyXIPQ%2C%2C
29,Скидка вам: 52%,"Корм для кошек Perfect Fit красивая шерсть индейка, 75г, 24 шт",/product--korm-dlia-koshek-perfect-fit-krasivaia-sherst-indeika-75g-24-sht/1811941963?nid=73690&show-uid=17095824177416119610206010&context=search&uniqueId=52300977&sku=101923761088&cpc=VyWbgmbYQfTMIcUgP3twblhbHY97KA6T6kxHynozlH0YH2G5ZEAmwsr0ptB1MBPZEey2wpI5lcc5Op7AuggBGpruQBSwSF6TWcbsdvDACfi4PVHhuUiUdSyCGiqIEQtDHEdIiI-RiDFM9J-GR6dQvPa6U4EMdO0hwAiwWnvMZMASeBSj9scP5SuWnlS_oUBv3uJWcnSm9Mk%2C&do-waremd5=hflbIK0yazaC-jQ5BAVkwg&rs=eJyFUD1Iw1AYzFPRNkUIdekPyisuxUVaBKmtEDoJLtVd0lBTFIItTeviYFARReikk0sK4qKCDi7-YBwUF6eioB0MWnHUQREHwX5HFxddjuPuu_u-96ILrSl2wQSeHW6gPR5voPycIOXxmLA61ECnDOWNXGePdHmeOD8nXVghNIMnpKSQeiElvU_cPCLu9MFdh3JD3BwltMdoLw-hf4lc-5K4fAjMxxpofYEfEFrvuGHujHidXB6BPoGGHTSPUGf6E7e5icuLhFaCXIsRF_px5xq1pZdp0v7AnVX04I3WJvbiB8xd6HeYqVHKfkKKQ-8-pZkk5luw0YPtFcz78T8PtN0xkZLxG6-0xdHjyToTg6LLxSTuY5xJ7QH3pJZVS3pRiXAhLIh-mMzXyduklkBH04Q1AMuLnBToyahGSdWVjFrIlQxNVwqakc_NGNOzmlLM5flV2RNeve4SB5spKpQCoT9ShqYWMlP8fssT3qh5xdivYO-_QSXKK7ee8Pe2V2I_qyXIPQ%2C%2C
30,Скидка вам: 51%,"Perfect Fit Сухой корм для стерилизованных кошек с курицей 10205504 2,5 кг 36129 (2 шт)",/product--sukhoi-korm-dlia-sterilizovannykh-koshek-perfect-fit-s-kuritsei/13531307?show-uid=17095824177416119610206011&context=search&uniqueId=685694&sku=101343833729&cpc=VyWbgmbYQfQ9RN_nbeWE40TyQXAKDGkiOkoy7II13j2dOe-NzWBInERgcAlMPtmSQwLPqYCkD8KegSHjCk46_H6OrsJzj0NnTHL260IuSUK0LP0ixVnjekXC4ka7fGP3ul0_tQ3zkr1DfrawDQEl6IYulaA1aGH4gMgj-A1ygKt8ftOqoWfi_qj6MCXytb5FldtdSH8Jf5I%2C&do-waremd5=oHUehWsZEXFeCAhrzUt-Dw&rs=eJyFUD1Iw1AYzFPRNkUIdekPyisuxUVaBKmtEDoJLtVd0lBTFIItTeviYFARReikk0sK4qKCDi7-YBwUF6eioB0MWnHUQREHwX5HFxddjuPuu_u-96ILrSl2wQSeHW6gPR5voPycIOXxmLA61ECnDOWNXGePdHmeOD8nXVghNIMnpKSQeiElvU_cPCLu9MFdh3JD3BwltMdoLw-hf4lc-5K4fAjMxxpofYEfEFrvuGHujHidXB6BPoGGHTSPUGf6E7e5icuLhFaCXIsRF_px5xq1pZdp0v7AnVX04I3WJvbiB8xd6HeYqVHKfkKKQ-8-pZkk5luw0YPtFcz78T8PtN0xkZLxG6-0xdHjyToTg6LLxSTuY5xJ7QH3pJZVS3pRiXAhLIh-mMzXyduklkBH04Q1AMuLnBToyahGSdWVjFrIlQxNVwqakc_NGNOzmlLM5flV2RNeve4SB5spKpQCoT9ShqYWMlP8fssT3qh5xdivYO-_QSXKK7ee8Pe2V2I_qyXIPQ%2C%2C
31,Скидка вам: 49%,Сухой корм Perfect Fit 650гр х 2шт для кошек с чувствительным пищеварением с лососем,/product--sukhoi-korm-perfect-fit-650gr-kh-2sht-dlia-koshek-s-chuvstvitelnym-pishchevareniem-s-lososem/35542847?nid=73690&show-uid=17095824177416119610206012&context=search&uniqueId=67637972&sku=102559105208&cpc=VyWbgmbYQfQ2Ds9bdo1izV5pSo5UiYWOMppIHCpZApZ3-iuViPYxhGWp-7xyDbfM7OqdhogWKZcM4issLi3sgn1mGe-jRRObOHVKvYSxG5LW1JfYmgo7vqH3hu0BsjhQQpfLq7kM2ksRSM63rbr7NGZ4J187lPLFsMcaI3SqDgJmjNYnPgjoUByjenqbstKIZAsdgjlRb8k%2C&do-waremd5=VoxCom2HfGA5ELE-dhAJ_w&rs=eJyFUD1Iw1AYzFPRNkUIdekPyisuxUVaBKmtEDoJLtVd0lBTFIItTeviYFARReikk0sK4qKCDi7-YBwUF6eioB0MWnHUQREHwX5HFxddjuPuu_u-96ILrSl2wQSeHW6gPR5voPycIOXxmLA61ECnDOWNXGePdHmeOD8nXVghNIMnpKSQeiElvU_cPCLu9MFdh3JD3BwltMdoLw-hf4lc-5K4fAjMxxpofYEfEFrvuGHujHidXB6BPoGGHTSPUGf6E7e5icuLhFaCXIsRF_px5xq1pZdp0v7AnVX04I3WJvbiB8xd6HeYqVHKfkKKQ-8-pZkk5luw0YPtFcz78T8PtN0xkZLxG6-0xdHjyToTg6LLxSTuY5xJ7QH3pJZVS3pRiXAhLIh-mMzXyduklkBH04Q1AMuLnBToyahGSdWVjFrIlQxNVwqakc_NGNOzmlLM5flV2RNeve4SB5spKpQCoT9ShqYWMlP8fssT3qh5xdivYO-_QSXKK7ee8Pe2V2I_qyXIPQ%2C%2C
32,Скидка вам: 50%,"Сухой корм Perfect Fit 580гр х 2шт с говядиной, семенами льна и голубикой для поддержания иммунитета кошки",/product--sukhoi-korm-perfect-fit-580gr-kh-2sht-s-goviadinoi-semenami-lna-i-golubikoi-dlia-podderzhaniia-immuniteta-koshki/41814874?nid=73690&show-uid=17095824177416119610206013&context=search&uniqueId=67637972&sku=102596145115&cpc=VyWbgmbYQfSKcV_qwMyp-zniSFCDCGdiv0mAuuXo1iOFY3H3nYjFNbr4stnuWBy0poBVvmaKb28kLf6_F-XjXMzQS_sZ07TxvziDqlvoZuQ_OJfPrJMyMmf_GQnai7xbslIX6sBqm_8UkvWBxl3TVpNsg2YU_iU_kJvYW1o-NpyeUSoAJvNlHyeZc6wJd0pU0eK6jvoP-6g%2C&do-waremd5=rZHvcgCFtuALVdEgR1EtoQ&rs=eJyFUD1Iw1AYzFPRNkUIdekPyisuxUVaBKmtEDoJLtVd0lBTFIItTeviYFARReikk0sK4qKCDi7-YBwUF6eioB0MWnHUQREHwX5HFxddjuPuu_u-96ILrSl2wQSeHW6gPR5voPycIOXxmLA61ECnDOWNXGePdHmeOD8nXVghNIMnpKSQeiElvU_cPCLu9MFdh3JD3BwltMdoLw-hf4lc-5K4fAjMxxpofYEfEFrvuGHujHidXB6BPoGGHTSPUGf6E7e5icuLhFaCXIsRF_px5xq1pZdp0v7AnVX04I3WJvbiB8xd6HeYqVHKfkKKQ-8-pZkk5luw0YPtFcz78T8PtN0xkZLxG6-0xdHjyToTg6LLxSTuY5xJ7QH3pJZVS3pRiXAhLIh-mMzXyduklkBH04Q1AMuLnBToyahGSdWVjFrIlQxNVwqakc_NGNOzmlLM5flV2RNeve4SB5spKpQCoT9ShqYWMlP8fssT3qh5xdivYO-_QSXKK7ee8Pe2V2I_qyXIPQ%2C%2C
33,Скидка вам: 48%,"PERFECT FIT с чувствительным пищеварением, с индейкой в соусе, 75г",/product--perfect-fit-s-chuvstvitelnym-pishchevareniem-s-indeikoi-v-souse-75g/63189953?nid=73690&show-uid=17095824177416119610206014&context=search&uniqueId=96527688&sku=102514864588&cpc=VyWbgmbYQfQTXSx0FbF_ZWX_f0pVgkfBx9nV-G98cgqBzirrR2BIDBGnbbwCHHiJAjda-_jBKu7jmG2glOaG9n6FQAtYdtdRki8Z8Ho9kOu0KI7kgTsKesPgle0gZT_Rqa6DfdiBqgvjXHS-L6bQaO2D0MyMs02MNr57r0OojHndRsOS4iBKb68yMz11sKK-WVLJYJdpPOg%2C&do-waremd5=XQtJnI-9zUO0lkJ3gBBxMA&rs=eJyFUD1Iw1AYzFPRNkUIdekPyisuxUVaBKmtEDoJLtVd0lBTFIItTeviYFARReikk0sK4qKCDi7-YBwUF6eioB0MWnHUQREHwX5HFxddjuPuu_u-96ILrSl2wQSeHW6gPR5voPycIOXxmLA61ECnDOWNXGePdHmeOD8nXVghNIMnpKSQeiElvU_cPCLu9MFdh3JD3BwltMdoLw-hf4lc-5K4fAjMxxpofYEfEFrvuGHujHidXB6BPoGGHTSPUGf6E7e5icuLhFaCXIsRF_px5xq1pZdp0v7AnVX04I3WJvbiB8xd6HeYqVHKfkKKQ-8-pZkk5luw0YPtFcz78T8PtN0xkZLxG6-0xdHjyToTg6LLxSTuY5xJ7QH3pJZVS3pRiXAhLIh-mMzXyduklkBH04Q1AMuLnBToyahGSdWVjFrIlQxNVwqakc_NGNOzmlLM5flV2RNeve4SB5spKpQCoT9ShqYWMlP8fssT3qh5xdivYO-_QSXKK7ee8Pe2V2I_qyXIPQ%2C%2C
34,Скидка вам: 49%,"Корм сухой для кошек PerfectFit 650г c говядиной, 4 шт",/product--korm-sukhoi-dlia-koshek-perfectfit-650g-c-goviadinoi-4-sht/1811944139?nid=73690&show-uid=17095824177416119610206015&context=search&uniqueId=52300977&sku=101923763456&cpc=VyWbgmbYQfRwujoLJJgDyrqdWk6muZITo51AMKw6fW9z2QJS3tElJHWwuoS5JHkypJ-S32g8wQCvoLk6J0BVhUksdYAeCZuRVDV1ufe8PFt85pwp6HEL2r8bCW59c6KcXElcFuzBoB-1v7dBQYaloGawaNVeRH_Cy0_t4hUrG2MBFztJRhHqA7SPdjjnTpT8DDNzrQuAmWw%2C&do-waremd5=8A2pq-4hbdUTe9gTr9Y5AQ&rs=eJyFUD1Iw1AYzFPRNkUIdekPyisuxUVaBKmtEDoJLtVd0lBTFIItTeviYFARReikk0sK4qKCDi7-YBwUF6eioB0MWnHUQREHwX5HFxddjuPuu_u-96ILrSl2wQSeHW6gPR5voPycIOXxmLA61ECnDOWNXGePdHmeOD8nXVghNIMnpKSQeiElvU_cPCLu9MFdh3JD3BwltMdoLw-hf4lc-5K4fAjMxxpofYEfEFrvuGHujHidXB6BPoGGHTSPUGf6E7e5icuLhFaCXIsRF_px5xq1pZdp0v7AnVX04I3WJvbiB8xd6HeYqVHKfkKKQ-8-pZkk5luw0YPtFcz78T8PtN0xkZLxG6-0xdHjyToTg6LLxSTuY5xJ7QH3pJZVS3pRiXAhLIh-mMzXyduklkBH04Q1AMuLnBToyahGSdWVjFrIlQxNVwqakc_NGNOzmlLM5flV2RNeve4SB5spKpQCoT9ShqYWMlP8fssT3qh5xdivYO-_QSXKK7ee8Pe2V2I_qyXIPQ%2C%2C
35,Скидка: 47%,"Perfect Fit Immunity для иммунитета кошек, говядина в желе и семена льна",/product--perfect-fit-immunity-dlia-immuniteta-koshek-goviadina-v-zhele-i-semena-lna/59980448?nid=73690&show-uid=17095824177416119610206016&context=search&uniqueId=96527688&sku=102515038858&cpc=VyWbgmbYQfTFolaGLvqnpoRHWgNNSrPD1aBhZUVit94quATKzv0mbDkL0EOEnBEqjj1j4_882xjfIY17dwVysFjYXjSeFHudkHubU6_0Hx7zCFgCel5znSDicmFYrgP4Qcv-sbUscLTn2p5_gicuGtbIuVRloo3gpyEXzBW1nEP9YzYy2XV_7HbuXky7gQweCceMXXv3BVw%2C&do-waremd5=c3v_h7SqNPJxRGjxRPMisQ&rs=eJyFUD1Iw1AYzFPRNkUIdekPyisuxUVaBKmtEDoJLtVd0lBTFIItTeviYFARReikk0sK4qKCDi7-YBwUF6eioB0MWnHUQREHwX5HFxddjuPuu_u-96ILrSl2wQSeHW6gPR5voPycIOXxmLA61ECnDOWNXGePdHmeOD8nXVghNIMnpKSQeiElvU_cPCLu9MFdh3JD3BwltMdoLw-hf4lc-5K4fAjMxxpofYEfEFrvuGHujHidXB6BPoGGHTSPUGf6E7e5icuLhFaCXIsRF_px5xq1pZdp0v7AnVX04I3WJvbiB8xd6HeYqVHKfkKKQ-8-pZkk5luw0YPtFcz78T8PtN0xkZLxG6-0xdHjyToTg6LLxSTuY5xJ7QH3pJZVS3pRiXAhLIh-mMzXyduklkBH04Q1AMuLnBToyahGSdWVjFrIlQxNVwqakc_NGNOzmlLM5flV2RNeve4SB5spKpQCoT9ShqYWMlP8fssT3qh5xdivYO-_QSXKK7ee8Pe2V2I_qyXIPQ%2C%2C
36,Скидка вам: 47%,"Perfect Fit Сухой корм стерилизованных кошек с курицей PERFECT FIT 1,2 кг (2 шт)",/product--sukhoi-korm-dlia-sterilizovannykh-koshek-perfect-fit-s-kuritsei/13531307?show-uid=17095824177416119610206017&context=search&uniqueId=685694&sku=101805854181&cpc=VyWbgmbYQfT1Wv2pYCq4Ru-Hr7pW-1cfcHjhohIn-e8C2itk_36kdYrtIElcfJ8vh6mvZndyVvkNLbAvGXN01VVTOv7aSJAUKjC0ZcRHHcXBRMMp-yiSqlVxuowZuCXaHs8RbNJR4bfeJBakoGwEe_3dWNcf9TlCKIQgVe8ofTYD5kMROgFRkQ5F8WwQgRSqnbKuKC0qQ4E%2C&do-waremd5=vJXkODnSrgHiHmlL5qbrNw&rs=eJyFUD1Iw1AYzFPRNkUIdekPyisuxUVaBKmtEDoJLtVd0lBTFIItTeviYFARReikk0sK4qKCDi7-YBwUF6eioB0MWnHUQREHwX5HFxddjuPuu_u-96ILrSl2wQSeHW6gPR5voPycIOXxmLA61ECnDOWNXGePdHmeOD8nXVghNIMnpKSQeiElvU_cPCLu9MFdh3JD3BwltMdoLw-hf4lc-5K4fAjMxxpofYEfEFrvuGHujHidXB6BPoGGHTSPUGf6E7e5icuLhFaCXIsRF_px5xq1pZdp0v7AnVX04I3WJvbiB8xd6HeYqVHKfkKKQ-8-pZkk5luw0YPtFcz78T8PtN0xkZLxG6-0xdHjyToTg6LLxSTuY5xJ7QH3pJZVS3pRiXAhLIh-mMzXyduklkBH04Q1AMuLnBToyahGSdWVjFrIlQxNVwqakc_NGNOzmlLM5flV2RNeve4SB5spKpQCoT9ShqYWMlP8fssT3qh5xdivYO-_QSXKK7ee8Pe2V2I_qyXIPQ%2C%2C
37,Скидка вам: 47%,Сухой корм Perfect Fit 650гр х 1шт для кошек с чувствительным пищеварением с индейкой,/product--sukhoi-korm-perfect-fit-650gr-kh-1sht-dlia-koshek-s-chuvstvitelnym-pishchevareniem-s-indeikoi/35542850?nid=73690&show-uid=17095824177416119610206018&context=search&uniqueId=67637972&sku=102559105211&cpc=VyWbgmbYQfSTEGnmipmwud4imJeZo6W5o6Zfg9YTW20SzJrFuVawzLtH2w9UTY1qB_-NiuKrkLggmgKcKCvymJUUtTAhThlBPJY6l2oAyDdelsTIL9MfWJxR1dZwxLLv0wWtLPtxGe-HJnDOS8oMBx1p4b3KTXggVWNWpPUagIW-6L91e_Rv1gbIIsemDI169FpePoqEiXo%2C&do-waremd5=bmDvMVKoZWFBWlqhgqSQXQ&rs=eJyFUD1Iw1AYzFPRNkUIdekPyisuxUVaBKmtEDoJLtVd0lBTFIItTeviYFARReikk0sK4qKCDi7-YBwUF6eioB0MWnHUQREHwX5HFxddjuPuu_u-96ILrSl2wQSeHW6gPR5voPycIOXxmLA61ECnDOWNXGePdHmeOD8nXVghNIMnpKSQeiElvU_cPCLu9MFdh3JD3BwltMdoLw-hf4lc-5K4fAjMxxpofYEfEFrvuGHujHidXB6BPoGGHTSPUGf6E7e5icuLhFaCXIsRF_px5xq1pZdp0v7AnVX04I3WJvbiB8xd6HeYqVHKfkKKQ-8-pZkk5luw0YPtFcz78T8PtN0xkZLxG6-0xdHjyToTg6LLxSTuY5xJ7QH3pJZVS3pRiXAhLIh-mMzXyduklkBH04Q1AMuLnBToyahGSdWVjFrIlQxNVwqakc_NGNOzmlLM5flV2RNeve4SB5spKpQCoT9ShqYWMlP8fssT3qh5xdivYO-_QSXKK7ee8Pe2V2I_qyXIPQ%2C%2C
38,Скидка вам: 47%,"Perfect Fit Сухой корм для котят с курицей (PERFECT FIT Junior Ck 16*190g) 1016210110172967 | Perfect Fit Junior 0,19 кг 25226 (1 шт)",/product--perfect-fit-sukhoi-korm-dlia-kotiat-s-kuritsei-perfect-fit-junior-ck-16-190g-1016210110172967-perfect-fit-junior-0-19-kg-25226-1-sht/18742432?nid=73690&show-uid=17095824177416119610206019&context=search&uniqueId=26377897&sku=101828785157&cpc=VyWbgmbYQfSb4svbWD9DjSHLmQ9Lt0bpc_U7y07haaqtBJfziIIJ93z0uxmYs8jh_9GfGGRHeRCF9Eh4kk7FkxV4fpwsn5LFTe9o58kQLhCrJKIpAfasBZ8tz9gGPA_XGfzulOcUILZlCirx6dVUrR_8977B_Nt0FcYvfEpVUcuA3qjjDRrx4GyrQNZf6Sp6712wbNjbP6Y%2C&do-waremd5=FV7j9xG1ydOHcMIUllEJYg&rs=eJyFUD1Iw1AYzFPRNkUIdekPyisuxUVaBKmtEDoJLtVd0lBTFIItTeviYFARReikk0sK4qKCDi7-YBwUF6eioB0MWnHUQREHwX5HFxddjuPuu_u-96ILrSl2wQSeHW6gPR5voPycIOXxmLA61ECnDOWNXGePdHmeOD8nXVghNIMnpKSQeiElvU_cPCLu9MFdh3JD3BwltMdoLw-hf4lc-5K4fAjMxxpofYEfEFrvuGHujHidXB6BPoGGHTSPUGf6E7e5icuLhFaCXIsRF_px5xq1pZdp0v7AnVX04I3WJvbiB8xd6HeYqVHKfkKKQ-8-pZkk5luw0YPtFcz78T8PtN0xkZLxG6-0xdHjyToTg6LLxSTuY5xJ7QH3pJZVS3pRiXAhLIh-mMzXyduklkBH04Q1AMuLnBToyahGSdWVjFrIlQxNVwqakc_NGNOzmlLM5flV2RNeve4SB5spKpQCoT9ShqYWMlP8fssT3qh5xdivYO-_QSXKK7ee8Pe2V2I_qyXIPQ%2C%2C
39,Скидка вам: 46%,Сухой корм Perfect Fit 650гр х 4шт для кошек с чувствительным пищеварением с лососем,/product--sukhoi-korm-perfect-fit-650gr-kh-4sht-dlia-koshek-s-chuvstvitelnym-pishchevareniem-s-lososem/35542849?nid=73690&show-uid=17095824177416119610206020&context=search&uniqueId=67637972&sku=102559105210&cpc=VyWbgmbYQfSM9RqktOrlqlt8Rtxj7Tr1CuAUavt2qJfRKY89CLzbDdnzDSzu_qBz6qDnMZLoKXi_nXOfGdx2H6dms3gMTaN_bvHup-LM91CVYapQcNlRbQEneWuqZPgGX9d2yGCpv72pu7RWIM2rljw0MogOVgwkMU8X7_1B6S3ilcx8W8ZeJEbxYWG6tVmEsxn9hUdp1y0%2C&do-waremd5=YvvhoEvvAr55Lq7cenQhvw&rs=eJyFUD1Iw1AYzFPRNkUIdekPyisuxUVaBKmtEDoJLtVd0lBTFIItTeviYFARReikk0sK4qKCDi7-YBwUF6eioB0MWnHUQREHwX5HFxddjuPuu_u-96ILrSl2wQSeHW6gPR5voPycIOXxmLA61ECnDOWNXGePdHmeOD8nXVghNIMnpKSQeiElvU_cPCLu9MFdh3JD3BwltMdoLw-hf4lc-5K4fAjMxxpofYEfEFrvuGHujHidXB6BPoGGHTSPUGf6E7e5icuLhFaCXIsRF_px5xq1pZdp0v7AnVX04I3WJvbiB8xd6HeYqVHKfkKKQ-8-pZkk5luw0YPtFcz78T8PtN0xkZLxG6-0xdHjyToTg6LLxSTuY5xJ7QH3pJZVS3pRiXAhLIh-mMzXyduklkBH04Q1AMuLnBToyahGSdWVjFrIlQxNVwqakc_NGNOzmlLM5flV2RNeve4SB5spKpQCoT9ShqYWMlP8fssT3qh5xdivYO-_QSXKK7ee8Pe2V2I_qyXIPQ%2C%2C
40,Скидка вам: 63%,"Сухой корм Perfect Fit 650гр х 4шт для стерилизованных кошек, с курицей",/product--sukhoi-korm-perfect-fit-650gr-kh-4sht-dlia-sterilizovannykh-koshek-s-kuritsei/1884937501?nid=73690&show-uid=17095824177416119610206001&context=search&uniqueId=67637972&sku=102071407713&cpc=VyWbgmbYQfSjrLAW-BLZKXB1tdC1-ZRo5jCqEShjmJTipIK5kk0ngDujcy3BO0Z_K_rJ2j_N1DLgAR_XCZoZGzlHtTwd8-35YS2JuqDSqc_pIs3T5RMszDLLvn2CV2YawfbtoPtV2hM2vlkeKx-fS9jrEtZFnXfMG9gj7drjxcwpiCAH9mw0w7E01uALZP84k2er7wN1XQg%2C&do-waremd5=Kw9iUm5sueDWkPLlEaVrEw&rs=eJyFUD1Iw1AYzFPRNkUIdekPyisuxUVaBKmtEDoJLtVd0lBTFIItTeviYFARReikk0sK4qKCDi7-YBwUF6eioB0MWnHUQREHwX5HFxddjuPuu_u-96ILrSl2wQSeHW6gPR5voPycIOXxmLA61ECnDOWNXGePdHmeOD8nXVghNIMnpKSQeiElvU_cPCLu9MFdh3JD3BwltMdoLw-hf4lc-5K4fAjMxxpofYEfEFrvuGHujHidXB6BPoGGHTSPUGf6E7e5icuLhFaCXIsRF_px5xq1pZdp0v7AnVX04I3WJvbiB8xd6HeYqVHKfkKKQ-8-pZkk5luw0YPtFcz78T8PtN0xkZLxG6-0xdHjyToTg6LLxSTuY5xJ7QH3pJZVS3pRiXAhLIh-mMzXyduklkBH04Q1AMuLnBToyahGSdWVjFrIlQxNVwqakc_NGNOzmlLM5flV2RNeve4SB5spKpQCoT9ShqYWMlP8fssT3qh5xdivYO-_QSXKK7ee8Pe2V2I_qyXIPQ%2C%2C
41,Скидка: 62%,"Сухой корм Perfect Fit для чувствительных кошек, индейка, 1,2 кг",/product--sukhoi-korm-perfect-fit-dlia-chuvstvitelnykh-koshek-indeika-1-2-kg/64460599?nid=73690&show-uid=17095824177416119610206002&context=search&uniqueId=109832267&sku=102759197898&cpc=VyWbgmbYQfSuUdbM3_750R5EWzvleQBmEZmYfxB0Iio71Oe1io2cfGxfBVc7VCmO-7bEh0p3UoDWv2NgqVunmC1xNJDHI64v1IJIItphuXG6zNNSg4tSREpu8GDzIwE0Y6aBGGizDSUKQCvYQPdh-bR8e2RKsxXtgKpEYUdk2e9NUEBTIfYofzc-aDei0D6heeOzdDhF6aw%2C&do-waremd5=DNnpj9ubuT-jjOjSOAhynw&rs=eJyFUD1Iw1AYzFPRNkUIdekPyisuxUVaBKmtEDoJLtVd0lBTFIItTeviYFARReikk0sK4qKCDi7-YBwUF6eioB0MWnHUQREHwX5HFxddjuPuu_u-96ILrSl2wQSeHW6gPR5voPycIOXxmLA61ECnDOWNXGePdHmeOD8nXVghNIMnpKSQeiElvU_cPCLu9MFdh3JD3BwltMdoLw-hf4lc-5K4fAjMxxpofYEfEFrvuGHujHidXB6BPoGGHTSPUGf6E7e5icuLhFaCXIsRF_px5xq1pZdp0v7AnVX04I3WJvbiB8xd6HeYqVHKfkKKQ-8-pZkk5luw0YPtFcz78T8PtN0xkZLxG6-0xdHjyToTg6LLxSTuY5xJ7QH3pJZVS3pRiXAhLIh-mMzXyduklkBH04Q1AMuLnBToyahGSdWVjFrIlQxNVwqakc_NGNOzmlLM5flV2RNeve4SB5spKpQCoT9ShqYWMlP8fssT3qh5xdivYO-_QSXKK7ee8Pe2V2I_qyXIPQ%2C%2C
42,Скидка вам: 59%,"Сухой корм Perfect Fit 650гр х 4шт для стерилизованных кошек, с говядиной",/product--sukhoi-korm-perfect-fit-650gr-kh-4sht-dlia-sterilizovannykh-koshek-s-goviadinoi/1875507075?nid=73690&show-uid=17095824177416119610206003&context=search&uniqueId=67637972&sku=102051173826&cpc=VyWbgmbYQfQ7qQdpYJU-nKHZ_dboCOX1sbYfNykG70zIQsLVgyRhFFlFWUBskuOxHqJgToxCQFMoO67IYe6hXWJ6iTwqB1CIOOYJ9PdDdpbbtsUjfqeC4lh1yN1IlJfV2cmb6hdHbW3FD7QpyoM59MQdjaBv7y5ykL_hE1XUAc08BuxIVAxbCL_vdYj6nnb1yLfyzZVSqsM%2C&do-waremd5=xOvI97TfwvYtX7_ck4txZw&rs=eJyFUD1Iw1AYzFPRNkUIdekPyisuxUVaBKmtEDoJLtVd0lBTFIItTeviYFARReikk0sK4qKCDi7-YBwUF6eioB0MWnHUQREHwX5HFxddjuPuu_u-96ILrSl2wQSeHW6gPR5voPycIOXxmLA61ECnDOWNXGePdHmeOD8nXVghNIMnpKSQeiElvU_cPCLu9MFdh3JD3BwltMdoLw-hf4lc-5K4fAjMxxpofYEfEFrvuGHujHidXB6BPoGGHTSPUGf6E7e5icuLhFaCXIsRF_px5xq1pZdp0v7AnVX04I3WJvbiB8xd6HeYqVHKfkKKQ-8-pZkk5luw0YPtFcz78T8PtN0xkZLxG6-0xdHjyToTg6LLxSTuY5xJ7QH3pJZVS3pRiXAhLIh-mMzXyduklkBH04Q1AMuLnBToyahGSdWVjFrIlQxNVwqakc_NGNOzmlLM5flV2RNeve4SB5spKpQCoT9ShqYWMlP8fssT3qh5xdivYO-_QSXKK7ee8Pe2V2I_qyXIPQ%2C%2C
43,Скидка вам: 58%,"Сухой корм Perfect Fit 580гр х 2шт с индейкой, спирулиной и клюквой для поддержания иммунитета кошки",/product--sukhoi-korm-perfect-fit-580gr-kh-2sht-s-indeikoi-spirulinoi-i-kliukvoi-dlia-podderzhaniia-immuniteta-koshki/18658735?nid=73690&show-uid=17095824177416119610206004&context=search&uniqueId=67637972&sku=102052967640&cpc=VyWbgmbYQfQJhz9d3m5_nwUnzYbl9LV5LQ0_GtpBZ0ARhdhwi2AmrEQHrnuiZorTCHVIcuDik8KRzmima0Bshw5hHzFw__r3fVwERcxB0knQHK0h0X8ghMj-szxXO7V6__1DnHeVg6BhXfMSGGyBF6Czcu9hk0Mli1MKEbmerPWPzAhd30nZgT-v04xZbE_n9Eh3V8oJsME%2C&do-waremd5=qH-wr9vxfE__ncKR4eGFyw&rs=eJyFUD1Iw1AYzFPRNkUIdekPyisuxUVaBKmtEDoJLtVd0lBTFIItTeviYFARReikk0sK4qKCDi7-YBwUF6eioB0MWnHUQREHwX5HFxddjuPuu_u-96ILrSl2wQSeHW6gPR5voPycIOXxmLA61ECnDOWNXGePdHmeOD8nXVghNIMnpKSQeiElvU_cPCLu9MFdh3JD3BwltMdoLw-hf4lc-5K4fAjMxxpofYEfEFrvuGHujHidXB6BPoGGHTSPUGf6E7e5icuLhFaCXIsRF_px5xq1pZdp0v7AnVX04I3WJvbiB8xd6HeYqVHKfkKKQ-8-pZkk5luw0YPtFcz78T8PtN0xkZLxG6-0xdHjyToTg6LLxSTuY5xJ7QH3pJZVS3pRiXAhLIh-mMzXyduklkBH04Q1AMuLnBToyahGSdWVjFrIlQxNVwqakc_NGNOzmlLM5flV2RNeve4SB5spKpQCoT9ShqYWMlP8fssT3qh5xdivYO-_QSXKK7ee8Pe2V2I_qyXIPQ%2C%2C
44,Скидка вам: 55%,"Сухой корм Perfect Fit 650гр х 2шт для котят от 2 до 12 месяцев, с курицей",/product--sukhoi-korm-perfect-fit-650gr-kh-2sht-dlia-kotiat-ot-2-do-12-mesiatsev-s-kuritsei/34331860?nid=73690&show-uid=17095824177416119610206005&context=search&uniqueId=67637972&sku=102552900829&cpc=VyWbgmbYQfRHKNmC8POwRkvXlpgVlwbyXxt0Ctke9vjU1qFdwY_-dMYD5wqkiSdAV7qwwl5DGvHEw-84IN8rSwN5t6saZokQv5phX2UoJ-aghpu8KDTAKvYNm3mNiTGYpkznOecLGD7xocqirk0wLNuTz7tSTLbb445rr8SH4I-iNpVGT7vcwB2DWCy7k5X6xYMOLK-VQqw%2C&do-waremd5=x49bxwZ5nXeyJ1hUJAoJKw&rs=eJyFUD1Iw1AYzFPRNkUIdekPyisuxUVaBKmtEDoJLtVd0lBTFIItTeviYFARReikk0sK4qKCDi7-YBwUF6eioB0MWnHUQREHwX5HFxddjuPuu_u-96ILrSl2wQSeHW6gPR5voPycIOXxmLA61ECnDOWNXGePdHmeOD8nXVghNIMnpKSQeiElvU_cPCLu9MFdh3JD3BwltMdoLw-hf4lc-5K4fAjMxxpofYEfEFrvuGHujHidXB6BPoGGHTSPUGf6E7e5icuLhFaCXIsRF_px5xq1pZdp0v7AnVX04I3WJvbiB8xd6HeYqVHKfkKKQ-8-pZkk5luw0YPtFcz78T8PtN0xkZLxG6-0xdHjyToTg6LLxSTuY5xJ7QH3pJZVS3pRiXAhLIh-mMzXyduklkBH04Q1AMuLnBToyahGSdWVjFrIlQxNVwqakc_NGNOzmlLM5flV2RNeve4SB5spKpQCoT9ShqYWMlP8fssT3qh5xdivYO-_QSXKK7ee8Pe2V2I_qyXIPQ%2C%2C
45,Скидка вам: 54%,"Корм сухой для кошек PerfectFit домашних 650г c курицей, 4 шт",/product--korm-sukhoi-dlia-koshek-perfectfit-domashnikh-650g-c-kuritsei-4-sht/1811946067?nid=73690&show-uid=17095824177416119610206006&context=search&uniqueId=52300977&sku=101923762495&cpc=VyWbgmbYQfRJDoEg5GDyH1QoeyttWnoOxiLA2edwthKhVXSgC_Sna04amIj8BHrJa1VtYhONm9x_Lgfa6gADOeNmKay9BELoF-3zQPFYHN9I-ZLoP6Ci9nPe2LRR6WFkcNPc5uuhB1mlw9nNv6L7vgo8GLi-pcqWwfF8FrThHcTXdi1lJ4d7LiJAMndZu0fr7N2i90R5dXM%2C&do-waremd5=Ki9m-OM9FMiCwLKj9smHBA&rs=eJyFUD1Iw1AYzFPRNkUIdekPyisuxUVaBKmtEDoJLtVd0lBTFIItTeviYFARReikk0sK4qKCDi7-YBwUF6eioB0MWnHUQREHwX5HFxddjuPuu_u-96ILrSl2wQSeHW6gPR5voPycIOXxmLA61ECnDOWNXGePdHmeOD8nXVghNIMnpKSQeiElvU_cPCLu9MFdh3JD3BwltMdoLw-hf4lc-5K4fAjMxxpofYEfEFrvuGHujHidXB6BPoGGHTSPUGf6E7e5icuLhFaCXIsRF_px5xq1pZdp0v7AnVX04I3WJvbiB8xd6HeYqVHKfkKKQ-8-pZkk5luw0YPtFcz78T8PtN0xkZLxG6-0xdHjyToTg6LLxSTuY5xJ7QH3pJZVS3pRiXAhLIh-mMzXyduklkBH04Q1AMuLnBToyahGSdWVjFrIlQxNVwqakc_NGNOzmlLM5flV2RNeve4SB5spKpQCoT9ShqYWMlP8fssT3qh5xdivYO-_QSXKK7ee8Pe2V2I_qyXIPQ%2C%2C
46,Скидка вам: 55%,Сухой корм Perfect Fit 650гр х 2шт для кошек с чувствительным пищеварением с индейкой,/product--sukhoi-korm-perfect-fit-650gr-kh-2sht-dlia-koshek-s-chuvstvitelnym-pishchevareniem-s-indeikoi/35542848?nid=73690&show-uid=17095824177416119610206007&context=search&uniqueId=67637972&sku=102559105209&cpc=VyWbgmbYQfQg7_Mmor3g7Ao9MniO-X40qFciySIlTiu5yTkNHQOT18AY-IByc5p2kpfz82sFAvDE0NOZ59hBsalt0m5TYmyBSlZ2YPkIqEuknpRNaG8iP28yEpxtqPAH1AmmVZMIwLIH-2HFLkvYSokHyeeU_WhsFbWvcQ7cJ8fp6mVivAjukeMTh3VFxNxNeOZltvmvu4k%2C&do-waremd5=gCjBEEqiz_-taS8qTZl0nA&rs=eJyFUD1Iw1AYzFPRNkUIdekPyisuxUVaBKmtEDoJLtVd0lBTFIItTeviYFARReikk0sK4qKCDi7-YBwUF6eioB0MWnHUQREHwX5HFxddjuPuu_u-96ILrSl2wQSeHW6gPR5voPycIOXxmLA61ECnDOWNXGePdHmeOD8nXVghNIMnpKSQeiElvU_cPCLu9MFdh3JD3BwltMdoLw-hf4lc-5K4fAjMxxpofYEfEFrvuGHujHidXB6BPoGGHTSPUGf6E7e5icuLhFaCXIsRF_px5xq1pZdp0v7AnVX04I3WJvbiB8xd6HeYqVHKfkKKQ-8-pZkk5luw0YPtFcz78T8PtN0xkZLxG6-0xdHjyToTg6LLxSTuY5xJ7QH3pJZVS3pRiXAhLIh-mMzXyduklkBH04Q1AMuLnBToyahGSdWVjFrIlQxNVwqakc_NGNOzmlLM5flV2RNeve4SB5spKpQCoT9ShqYWMlP8fssT3qh5xdivYO-_QSXKK7ee8Pe2V2I_qyXIPQ%2C%2C
47,Скидка: 53%,"PERFECT FIT для поддержания здоровья почек, с лососем в соусе, 75г",/product--perfect-fit-dlia-podderzhaniia-zdorovia-pochek-s-lososem-v-souse-75g/1944598062?nid=73690&show-uid=17095824177416119610206008&context=search&uniqueId=96527688&sku=102451517567&cpc=VyWbgmbYQfQDh9ggOErrfvbtXEAAwyFvp7_TyGcoZJyjxlCBB3NH27ExJwCNrK0ZoyuErOymeRI7E6SyVXLuP8Ze143I3eiTu6CAGDHiR9OznvCp4dRFN-fidQwgZyiieYwpHaMg2xLXr9vH4dx6Bmwdwy_3XhOlsSuG7YEUYQCcSUgcHdHJGTUyFyg2g4NWgArLYraGDow%2C&do-waremd5=uU_paSr_Clqcy0eA8NHdXg&rs=eJyFUD1Iw1AYzFPRNkUIdekPyisuxUVaBKmtEDoJLtVd0lBTFIItTeviYFARReikk0sK4qKCDi7-YBwUF6eioB0MWnHUQREHwX5HFxddjuPuu_u-96ILrSl2wQSeHW6gPR5voPycIOXxmLA61ECnDOWNXGePdHmeOD8nXVghNIMnpKSQeiElvU_cPCLu9MFdh3JD3BwltMdoLw-hf4lc-5K4fAjMxxpofYEfEFrvuGHujHidXB6BPoGGHTSPUGf6E7e5icuLhFaCXIsRF_px5xq1pZdp0v7AnVX04I3WJvbiB8xd6HeYqVHKfkKKQ-8-pZkk5luw0YPtFcz78T8PtN0xkZLxG6-0xdHjyToTg6LLxSTuY5xJ7QH3pJZVS3pRiXAhLIh-mMzXyduklkBH04Q1AMuLnBToyahGSdWVjFrIlQxNVwqakc_NGNOzmlLM5flV2RNeve4SB5spKpQCoT9ShqYWMlP8fssT3qh5xdivYO-_QSXKK7ee8Pe2V2I_qyXIPQ%2C%2C
48,Скидка: 51%,"Сухой корм для кошек Perfect Fit для здоровой кожи и шерсти, индейка, 650 г",/product--sukhoi-korm-dlia-koshek-perfect-fit-dlia-zdorovoi-kozhi-i-shersti-indeika-650-g/69466682?nid=73690&show-uid=17095824177416119610206009&context=search&uniqueId=111023335&sku=102779633373&cpc=VyWbgmbYQfQ5VAXqHum1ZGsXJbpbamBboWJkQ5_eyIKQ-sSoKxSld9qshxNqGbY2RQCe4E0Ux7NDKy1ug4yKVu0FDutztc8JsA8JbDOrx6UtCRiWs2wvnIBoniYhHX98g1aWTyGFtr_GNV9SqxJikrdKgcQuKDKWpvQcxhHo_0Qs5_MGpYmlMxtr__M7yB490xZEcHfQ268%2C&do-waremd5=NpZZlB2HEpOm4nAxZhsdtw&rs=eJyFUD1Iw1AYzFPRNkUIdekPyisuxUVaBKmtEDoJLtVd0lBTFIItTeviYFARReikk0sK4qKCDi7-YBwUF6eioB0MWnHUQREHwX5HFxddjuPuu_u-96ILrSl2wQSeHW6gPR5voPycIOXxmLA61ECnDOWNXGePdHmeOD8nXVghNIMnpKSQeiElvU_cPCLu9MFdh3JD3BwltMdoLw-hf4lc-5K4fAjMxxpofYEfEFrvuGHujHidXB6BPoGGHTSPUGf6E7e5icuLhFaCXIsRF_px5xq1pZdp0v7AnVX04I3WJvbiB8xd6HeYqVHKfkKKQ-8-pZkk5luw0YPtFcz78T8PtN0xkZLxG6-0xdHjyToTg6LLxSTuY5xJ7QH3pJZVS3pRiXAhLIh-mMzXyduklkBH04Q1AMuLnBToyahGSdWVjFrIlQxNVwqakc_NGNOzmlLM5flV2RNeve4SB5spKpQCoT9ShqYWMlP8fssT3qh5xdivYO-_QSXKK7ee8Pe2V2I_qyXIPQ%2C%2C
49,Скидка вам: 52%,"Корм для кошек Perfect Fit красивая шерсть индейка, 75г, 24 шт",/product--korm-dlia-koshek-perfect-fit-krasivaia-sherst-indeika-75g-24-sht/1811941963?nid=73690&show-uid=17095824177416119610206010&context=search&uniqueId=52300977&sku=101923761088&cpc=VyWbgmbYQfTMIcUgP3twblhbHY97KA6T6kxHynozlH0YH2G5ZEAmwsr0ptB1MBPZEey2wpI5lcc5Op7AuggBGpruQBSwSF6TWcbsdvDACfi4PVHhuUiUdSyCGiqIEQtDHEdIiI-RiDFM9J-GR6dQvPa6U4EMdO0hwAiwWnvMZMASeBSj9scP5SuWnlS_oUBv3uJWcnSm9Mk%2C&do-waremd5=hflbIK0yazaC-jQ5BAVkwg&rs=eJyFUD1Iw1AYzFPRNkUIdekPyisuxUVaBKmtEDoJLtVd0lBTFIItTeviYFARReikk0sK4qKCDi7-YBwUF6eioB0MWnHUQREHwX5HFxddjuPuu_u-96ILrSl2wQSeHW6gPR5voPycIOXxmLA61ECnDOWNXGePdHmeOD8nXVghNIMnpKSQeiElvU_cPCLu9MFdh3JD3BwltMdoLw-hf4lc-5K4fAjMxxpofYEfEFrvuGHujHidXB6BPoGGHTSPUGf6E7e5icuLhFaCXIsRF_px5xq1pZdp0v7AnVX04I3WJvbiB8xd6HeYqVHKfkKKQ-8-pZkk5luw0YPtFcz78T8PtN0xkZLxG6-0xdHjyToTg6LLxSTuY5xJ7QH3pJZVS3pRiXAhLIh-mMzXyduklkBH04Q1AMuLnBToyahGSdWVjFrIlQxNVwqakc_NGNOzmlLM5flV2RNeve4SB5spKpQCoT9ShqYWMlP8fssT3qh5xdivYO-_QSXKK7ee8Pe2V2I_qyXIPQ%2C%2C
50,Скидка вам: 51%,"Perfect Fit Сухой корм для стерилизованных кошек с курицей 10205504 2,5 кг 36129 (2 шт)",/product--sukhoi-korm-dlia-sterilizovannykh-koshek-perfect-fit-s-kuritsei/13531307?show-uid=17095824177416119610206011&context=search&uniqueId=685694&sku=101343833729&cpc=VyWbgmbYQfQ9RN_nbeWE40TyQXAKDGkiOkoy7II13j2dOe-NzWBInERgcAlMPtmSQwLPqYCkD8KegSHjCk46_H6OrsJzj0NnTHL260IuSUK0LP0ixVnjekXC4ka7fGP3ul0_tQ3zkr1DfrawDQEl6IYulaA1aGH4gMgj-A1ygKt8ftOqoWfi_qj6MCXytb5FldtdSH8Jf5I%2C&do-waremd5=oHUehWsZEXFeCAhrzUt-Dw&rs=eJyFUD1Iw1AYzFPRNkUIdekPyisuxUVaBKmtEDoJLtVd0lBTFIItTeviYFARReikk0sK4qKCDi7-YBwUF6eioB0MWnHUQREHwX5HFxddjuPuu_u-96ILrSl2wQSeHW6gPR5voPycIOXxmLA61ECnDOWNXGePdHmeOD8nXVghNIMnpKSQeiElvU_cPCLu9MFdh3JD3BwltMdoLw-hf4lc-5K4fAjMxxpofYEfEFrvuGHujHidXB6BPoGGHTSPUGf6E7e5icuLhFaCXIsRF_px5xq1pZdp0v7AnVX04I3WJvbiB8xd6HeYqVHKfkKKQ-8-pZkk5luw0YPtFcz78T8PtN0xkZLxG6-0xdHjyToTg6LLxSTuY5xJ7QH3pJZVS3pRiXAhLIh-mMzXyduklkBH04Q1AMuLnBToyahGSdWVjFrIlQxNVwqakc_NGNOzmlLM5flV2RNeve4SB5spKpQCoT9ShqYWMlP8fssT3qh5xdivYO-_QSXKK7ee8Pe2V2I_qyXIPQ%2C%2C
51,Скидка вам: 49%,Сухой корм Perfect Fit 650гр х 2шт для кошек с чувствительным пищеварением с лососем,/product--sukhoi-korm-perfect-fit-650gr-kh-2sht-dlia-koshek-s-chuvstvitelnym-pishchevareniem-s-lososem/35542847?nid=73690&show-uid=17095824177416119610206012&context=search&uniqueId=67637972&sku=102559105208&cpc=VyWbgmbYQfQ2Ds9bdo1izV5pSo5UiYWOMppIHCpZApZ3-iuViPYxhGWp-7xyDbfM7OqdhogWKZcM4issLi3sgn1mGe-jRRObOHVKvYSxG5LW1JfYmgo7vqH3hu0BsjhQQpfLq7kM2ksRSM63rbr7NGZ4J187lPLFsMcaI3SqDgJmjNYnPgjoUByjenqbstKIZAsdgjlRb8k%2C&do-waremd5=VoxCom2HfGA5ELE-dhAJ_w&rs=eJyFUD1Iw1AYzFPRNkUIdekPyisuxUVaBKmtEDoJLtVd0lBTFIItTeviYFARReikk0sK4qKCDi7-YBwUF6eioB0MWnHUQREHwX5HFxddjuPuu_u-96ILrSl2wQSeHW6gPR5voPycIOXxmLA61ECnDOWNXGePdHmeOD8nXVghNIMnpKSQeiElvU_cPCLu9MFdh3JD3BwltMdoLw-hf4lc-5K4fAjMxxpofYEfEFrvuGHujHidXB6BPoGGHTSPUGf6E7e5icuLhFaCXIsRF_px5xq1pZdp0v7AnVX04I3WJvbiB8xd6HeYqVHKfkKKQ-8-pZkk5luw0YPtFcz78T8PtN0xkZLxG6-0xdHjyToTg6LLxSTuY5xJ7QH3pJZVS3pRiXAhLIh-mMzXyduklkBH04Q1AMuLnBToyahGSdWVjFrIlQxNVwqakc_NGNOzmlLM5flV2RNeve4SB5spKpQCoT9ShqYWMlP8fssT3qh5xdivYO-_QSXKK7ee8Pe2V2I_qyXIPQ%2C%2C
52,Скидка вам: 50%,"Сухой корм Perfect Fit 580гр х 2шт с говядиной, семенами льна и голубикой для поддержания иммунитета кошки",/product--sukhoi-korm-perfect-fit-580gr-kh-2sht-s-goviadinoi-semenami-lna-i-golubikoi-dlia-podderzhaniia-immuniteta-koshki/41814874?nid=73690&show-uid=17095824177416119610206013&context=search&uniqueId=67637972&sku=102596145115&cpc=VyWbgmbYQfSKcV_qwMyp-zniSFCDCGdiv0mAuuXo1iOFY3H3nYjFNbr4stnuWBy0poBVvmaKb28kLf6_F-XjXMzQS_sZ07TxvziDqlvoZuQ_OJfPrJMyMmf_GQnai7xbslIX6sBqm_8UkvWBxl3TVpNsg2YU_iU_kJvYW1o-NpyeUSoAJvNlHyeZc6wJd0pU0eK6jvoP-6g%2C&do-waremd5=rZHvcgCFtuALVdEgR1EtoQ&rs=eJyFUD1Iw1AYzFPRNkUIdekPyisuxUVaBKmtEDoJLtVd0lBTFIItTeviYFARReikk0sK4qKCDi7-YBwUF6eioB0MWnHUQREHwX5HFxddjuPuu_u-96ILrSl2wQSeHW6gPR5voPycIOXxmLA61ECnDOWNXGePdHmeOD8nXVghNIMnpKSQeiElvU_cPCLu9MFdh3JD3BwltMdoLw-hf4lc-5K4fAjMxxpofYEfEFrvuGHujHidXB6BPoGGHTSPUGf6E7e5icuLhFaCXIsRF_px5xq1pZdp0v7AnVX04I3WJvbiB8xd6HeYqVHKfkKKQ-8-pZkk5luw0YPtFcz78T8PtN0xkZLxG6-0xdHjyToTg6LLxSTuY5xJ7QH3pJZVS3pRiXAhLIh-mMzXyduklkBH04Q1AMuLnBToyahGSdWVjFrIlQxNVwqakc_NGNOzmlLM5flV2RNeve4SB5spKpQCoT9ShqYWMlP8fssT3qh5xdivYO-_QSXKK7ee8Pe2V2I_qyXIPQ%2C%2C
53,Скидка вам: 48%,"PERFECT FIT с чувствительным пищеварением, с индейкой в соусе, 75г",/product--perfect-fit-s-chuvstvitelnym-pishchevareniem-s-indeikoi-v-souse-75g/63189953?nid=73690&show-uid=17095824177416119610206014&context=search&uniqueId=96527688&sku=102514864588&cpc=VyWbgmbYQfQTXSx0FbF_ZWX_f0pVgkfBx9nV-G98cgqBzirrR2BIDBGnbbwCHHiJAjda-_jBKu7jmG2glOaG9n6FQAtYdtdRki8Z8Ho9kOu0KI7kgTsKesPgle0gZT_Rqa6DfdiBqgvjXHS-L6bQaO2D0MyMs02MNr57r0OojHndRsOS4iBKb68yMz11sKK-WVLJYJdpPOg%2C&do-waremd5=XQtJnI-9zUO0lkJ3gBBxMA&rs=eJyFUD1Iw1AYzFPRNkUIdekPyisuxUVaBKmtEDoJLtVd0lBTFIItTeviYFARReikk0sK4qKCDi7-YBwUF6eioB0MWnHUQREHwX5HFxddjuPuu_u-96ILrSl2wQSeHW6gPR5voPycIOXxmLA61ECnDOWNXGePdHmeOD8nXVghNIMnpKSQeiElvU_cPCLu9MFdh3JD3BwltMdoLw-hf4lc-5K4fAjMxxpofYEfEFrvuGHujHidXB6BPoGGHTSPUGf6E7e5icuLhFaCXIsRF_px5xq1pZdp0v7AnVX04I3WJvbiB8xd6HeYqVHKfkKKQ-8-pZkk5luw0YPtFcz78T8PtN0xkZLxG6-0xdHjyToTg6LLxSTuY5xJ7QH3pJZVS3pRiXAhLIh-mMzXyduklkBH04Q1AMuLnBToyahGSdWVjFrIlQxNVwqakc_NGNOzmlLM5flV2RNeve4SB5spKpQCoT9ShqYWMlP8fssT3qh5xdivYO-_QSXKK7ee8Pe2V2I_qyXIPQ%2C%2C
54,Скидка вам: 49%,"Корм сухой для кошек PerfectFit 650г c говядиной, 4 шт",/product--korm-sukhoi-dlia-koshek-perfectfit-650g-c-goviadinoi-4-sht/1811944139?nid=73690&show-uid=17095824177416119610206015&context=search&uniqueId=52300977&sku=101923763456&cpc=VyWbgmbYQfRwujoLJJgDyrqdWk6muZITo51AMKw6fW9z2QJS3tElJHWwuoS5JHkypJ-S32g8wQCvoLk6J0BVhUksdYAeCZuRVDV1ufe8PFt85pwp6HEL2r8bCW59c6KcXElcFuzBoB-1v7dBQYaloGawaNVeRH_Cy0_t4hUrG2MBFztJRhHqA7SPdjjnTpT8DDNzrQuAmWw%2C&do-waremd5=8A2pq-4hbdUTe9gTr9Y5AQ&rs=eJyFUD1Iw1AYzFPRNkUIdekPyisuxUVaBKmtEDoJLtVd0lBTFIItTeviYFARReikk0sK4qKCDi7-YBwUF6eioB0MWnHUQREHwX5HFxddjuPuu_u-96ILrSl2wQSeHW6gPR5voPycIOXxmLA61ECnDOWNXGePdHmeOD8nXVghNIMnpKSQeiElvU_cPCLu9MFdh3JD3BwltMdoLw-hf4lc-5K4fAjMxxpofYEfEFrvuGHujHidXB6BPoGGHTSPUGf6E7e5icuLhFaCXIsRF_px5xq1pZdp0v7AnVX04I3WJvbiB8xd6HeYqVHKfkKKQ-8-pZkk5luw0YPtFcz78T8PtN0xkZLxG6-0xdHjyToTg6LLxSTuY5xJ7QH3pJZVS3pRiXAhLIh-mMzXyduklkBH04Q1AMuLnBToyahGSdWVjFrIlQxNVwqakc_NGNOzmlLM5flV2RNeve4SB5spKpQCoT9ShqYWMlP8fssT3qh5xdivYO-_QSXKK7ee8Pe2V2I_qyXIPQ%2C%2C
55,Скидка: 47%,"Perfect Fit Immunity для иммунитета кошек, говядина в желе и семена льна",/product--perfect-fit-immunity-dlia-immuniteta-koshek-goviadina-v-zhele-i-semena-lna/59980448?nid=73690&show-uid=17095824177416119610206016&context=search&uniqueId=96527688&sku=102515038858&cpc=VyWbgmbYQfTFolaGLvqnpoRHWgNNSrPD1aBhZUVit94quATKzv0mbDkL0EOEnBEqjj1j4_882xjfIY17dwVysFjYXjSeFHudkHubU6_0Hx7zCFgCel5znSDicmFYrgP4Qcv-sbUscLTn2p5_gicuGtbIuVRloo3gpyEXzBW1nEP9YzYy2XV_7HbuXky7gQweCceMXXv3BVw%2C&do-waremd5=c3v_h7SqNPJxRGjxRPMisQ&rs=eJyFUD1Iw1AYzFPRNkUIdekPyisuxUVaBKmtEDoJLtVd0lBTFIItTeviYFARReikk0sK4qKCDi7-YBwUF6eioB0MWnHUQREHwX5HFxddjuPuu_u-96ILrSl2wQSeHW6gPR5voPycIOXxmLA61ECnDOWNXGePdHmeOD8nXVghNIMnpKSQeiElvU_cPCLu9MFdh3JD3BwltMdoLw-hf4lc-5K4fAjMxxpofYEfEFrvuGHujHidXB6BPoGGHTSPUGf6E7e5icuLhFaCXIsRF_px5xq1pZdp0v7AnVX04I3WJvbiB8xd6HeYqVHKfkKKQ-8-pZkk5luw0YPtFcz78T8PtN0xkZLxG6-0xdHjyToTg6LLxSTuY5xJ7QH3pJZVS3pRiXAhLIh-mMzXyduklkBH04Q1AMuLnBToyahGSdWVjFrIlQxNVwqakc_NGNOzmlLM5flV2RNeve4SB5spKpQCoT9ShqYWMlP8fssT3qh5xdivYO-_QSXKK7ee8Pe2V2I_qyXIPQ%2C%2C
56,Скидка вам: 47%,"Perfect Fit Сухой корм стерилизованных кошек с курицей PERFECT FIT 1,2 кг (2 шт)",/product--sukhoi-korm-dlia-sterilizovannykh-koshek-perfect-fit-s-kuritsei/13531307?show-uid=17095824177416119610206017&context=search&uniqueId=685694&sku=101805854181&cpc=VyWbgmbYQfT1Wv2pYCq4Ru-Hr7pW-1cfcHjhohIn-e8C2itk_36kdYrtIElcfJ8vh6mvZndyVvkNLbAvGXN01VVTOv7aSJAUKjC0ZcRHHcXBRMMp-yiSqlVxuowZuCXaHs8RbNJR4bfeJBakoGwEe_3dWNcf9TlCKIQgVe8ofTYD5kMROgFRkQ5F8WwQgRSqnbKuKC0qQ4E%2C&do-waremd5=vJXkODnSrgHiHmlL5qbrNw&rs=eJyFUD1Iw1AYzFPRNkUIdekPyisuxUVaBKmtEDoJLtVd0lBTFIItTeviYFARReikk0sK4qKCDi7-YBwUF6eioB0MWnHUQREHwX5HFxddjuPuu_u-96ILrSl2wQSeHW6gPR5voPycIOXxmLA61ECnDOWNXGePdHmeOD8nXVghNIMnpKSQeiElvU_cPCLu9MFdh3JD3BwltMdoLw-hf4lc-5K4fAjMxxpofYEfEFrvuGHujHidXB6BPoGGHTSPUGf6E7e5icuLhFaCXIsRF_px5xq1pZdp0v7AnVX04I3WJvbiB8xd6HeYqVHKfkKKQ-8-pZkk5luw0YPtFcz78T8PtN0xkZLxG6-0xdHjyToTg6LLxSTuY5xJ7QH3pJZVS3pRiXAhLIh-mMzXyduklkBH04Q1AMuLnBToyahGSdWVjFrIlQxNVwqakc_NGNOzmlLM5flV2RNeve4SB5spKpQCoT9ShqYWMlP8fssT3qh5xdivYO-_QSXKK7ee8Pe2V2I_qyXIPQ%2C%2C
57,Скидка вам: 47%,Сухой корм Perfect Fit 650гр х 1шт для кошек с чувствительным пищеварением с индейкой,/product--sukhoi-korm-perfect-fit-650gr-kh-1sht-dlia-koshek-s-chuvstvitelnym-pishchevareniem-s-indeikoi/35542850?nid=73690&show-uid=17095824177416119610206018&context=search&uniqueId=67637972&sku=102559105211&cpc=VyWbgmbYQfSTEGnmipmwud4imJeZo6W5o6Zfg9YTW20SzJrFuVawzLtH2w9UTY1qB_-NiuKrkLggmgKcKCvymJUUtTAhThlBPJY6l2oAyDdelsTIL9MfWJxR1dZwxLLv0wWtLPtxGe-HJnDOS8oMBx1p4b3KTXggVWNWpPUagIW-6L91e_Rv1gbIIsemDI169FpePoqEiXo%2C&do-waremd5=bmDvMVKoZWFBWlqhgqSQXQ&rs=eJyFUD1Iw1AYzFPRNkUIdekPyisuxUVaBKmtEDoJLtVd0lBTFIItTeviYFARReikk0sK4qKCDi7-YBwUF6eioB0MWnHUQREHwX5HFxddjuPuu_u-96ILrSl2wQSeHW6gPR5voPycIOXxmLA61ECnDOWNXGePdHmeOD8nXVghNIMnpKSQeiElvU_cPCLu9MFdh3JD3BwltMdoLw-hf4lc-5K4fAjMxxpofYEfEFrvuGHujHidXB6BPoGGHTSPUGf6E7e5icuLhFaCXIsRF_px5xq1pZdp0v7AnVX04I3WJvbiB8xd6HeYqVHKfkKKQ-8-pZkk5luw0YPtFcz78T8PtN0xkZLxG6-0xdHjyToTg6LLxSTuY5xJ7QH3pJZVS3pRiXAhLIh-mMzXyduklkBH04Q1AMuLnBToyahGSdWVjFrIlQxNVwqakc_NGNOzmlLM5flV2RNeve4SB5spKpQCoT9ShqYWMlP8fssT3qh5xdivYO-_QSXKK7ee8Pe2V2I_qyXIPQ%2C%2C
58,Скидка вам: 47%,"Perfect Fit Сухой корм для котят с курицей (PERFECT FIT Junior Ck 16*190g) 1016210110172967 | Perfect Fit Junior 0,19 кг 25226 (1 шт)",/product--perfect-fit-sukhoi-korm-dlia-kotiat-s-kuritsei-perfect-fit-junior-ck-16-190g-1016210110172967-perfect-fit-junior-0-19-kg-25226-1-sht/18742432?nid=73690&show-uid=17095824177416119610206019&context=search&uniqueId=26377897&sku=101828785157&cpc=VyWbgmbYQfSb4svbWD9DjSHLmQ9Lt0bpc_U7y07haaqtBJfziIIJ93z0uxmYs8jh_9GfGGRHeRCF9Eh4kk7FkxV4fpwsn5LFTe9o58kQLhCrJKIpAfasBZ8tz9gGPA_XGfzulOcUILZlCirx6dVUrR_8977B_Nt0FcYvfEpVUcuA3qjjDRrx4GyrQNZf6Sp6712wbNjbP6Y%2C&do-waremd5=FV7j9xG1ydOHcMIUllEJYg&rs=eJyFUD1Iw1AYzFPRNkUIdekPyisuxUVaBKmtEDoJLtVd0lBTFIItTeviYFARReikk0sK4qKCDi7-YBwUF6eioB0MWnHUQREHwX5HFxddjuPuu_u-96ILrSl2wQSeHW6gPR5voPycIOXxmLA61ECnDOWNXGePdHmeOD8nXVghNIMnpKSQeiElvU_cPCLu9MFdh3JD3BwltMdoLw-hf4lc-5K4fAjMxxpofYEfEFrvuGHujHidXB6BPoGGHTSPUGf6E7e5icuLhFaCXIsRF_px5xq1pZdp0v7AnVX04I3WJvbiB8xd6HeYqVHKfkKKQ-8-pZkk5luw0YPtFcz78T8PtN0xkZLxG6-0xdHjyToTg6LLxSTuY5xJ7QH3pJZVS3pRiXAhLIh-mMzXyduklkBH04Q1AMuLnBToyahGSdWVjFrIlQxNVwqakc_NGNOzmlLM5flV2RNeve4SB5spKpQCoT9ShqYWMlP8fssT3qh5xdivYO-_QSXKK7ee8Pe2V2I_qyXIPQ%2C%2C
59,Скидка вам: 46%,Сухой корм Perfect Fit 650гр х 4шт для кошек с чувствительным пищеварением с лососем,/product--sukhoi-korm-perfect-fit-650gr-kh-4sht-dlia-koshek-s-chuvstvitelnym-pishchevareniem-s-lososem/35542849?nid=73690&show-uid=17095824177416119610206020&context=search&uniqueId=67637972&sku=102559105210&cpc=VyWbgmbYQfSM9RqktOrlqlt8Rtxj7Tr1CuAUavt2qJfRKY89CLzbDdnzDSzu_qBz6qDnMZLoKXi_nXOfGdx2H6dms3gMTaN_bvHup-LM91CVYapQcNlRbQEneWuqZPgGX9d2yGCpv72pu7RWIM2rljw0MogOVgwkMU8X7_1B6S3ilcx8W8ZeJEbxYWG6tVmEsxn9hUdp1y0%2C&do-waremd5=YvvhoEvvAr55Lq7cenQhvw&rs=eJyFUD1Iw1AYzFPRNkUIdekPyisuxUVaBKmtEDoJLtVd0lBTFIItTeviYFARReikk0sK4qKCDi7-YBwUF6eioB0MWnHUQREHwX5HFxddjuPuu_u-96ILrSl2wQSeHW6gPR5voPycIOXxmLA61ECnDOWNXGePdHmeOD8nXVghNIMnpKSQeiElvU_cPCLu9MFdh3JD3BwltMdoLw-hf4lc-5K4fAjMxxpofYEfEFrvuGHujHidXB6BPoGGHTSPUGf6E7e5icuLhFaCXIsRF_px5xq1pZdp0v7AnVX04I3WJvbiB8xd6HeYqVHKfkKKQ-8-pZkk5luw0YPtFcz78T8PtN0xkZLxG6-0xdHjyToTg6LLxSTuY5xJ7QH3pJZVS3pRiXAhLIh-mMzXyduklkBH04Q1AMuLnBToyahGSdWVjFrIlQxNVwqakc_NGNOzmlLM5flV2RNeve4SB5spKpQCoT9ShqYWMlP8fssT3qh5xdivYO-_QSXKK7ee8Pe2V2I_qyXIPQ%2C%2C
